"","ID","logT","studyyear","T.doy.adj","time.of.day","T.tElap","Tresid","Status","ID_year","ID_year_Tday","meanT","correctedT","relativeT"
"1","BBMX",-2.04022082852655,"17-18",-29,413,14,-1.7999441256994,"floa","BBMX_17-18","BBMX_17-18_-29",-1.7999441256994,-1.7999441256994,0
"2","BBOX",-1.89711998488588,"16-17",-9,428,6,-1.48306164343324,"floa","BBOX_16-17","BBOX_16-17_-9",-1.48306164343324,-1.48306164343324,0
"3","BGMX",1.38629436111989,"15-16",35,433,6,0.929039767470617,"terr","BGMX_15-16","BGMX_15-16_35",0.333845189376546,0.929039767470617,0.595194578094072
"4","BGMX",0.920282753143692,"15-16",-15,482,21,0.842726898653522,"terr","BGMX_15-16","BGMX_15-16_-15",0.333845189376546,0.842726898653522,0.508881709276976
"5","BGMX",-0.301105092783922,"16-17",-23,480,6,0.150340885437387,"terr","BGMX_16-17","BGMX_16-17_-23",0.333845189376546,0.150340885437387,-0.183504303939158
"6","BGMX",-1.04982212449868,"16-17",7,672,16.0261780104712,-0.388952812511846,"terr","BGMX_16-17","BGMX_16-17_7",0.333845189376546,-0.388952812511846,-0.722798001888392
"7","BGMX",-0.3147107448397,"16-17",49,574,10,0.136071207833049,"terr","BGMX_16-17","BGMX_16-17_49",0.333845189376546,0.136071207833049,-0.197773981543497
"8","BGOX",-0.7339691750802,"15-16",-15,659,72,0.22865911578919,"floa","BGOX_15-16","BGOX_15-16_-15",0.69831045381624,0.22865911578919,-0.46965133802705
"9","BGOX",0.246860077931526,"16-17",-16,576,12,0.834019036044886,"floa","BGOX_16-17","BGOX_16-17_-16",0.69831045381624,0.834019036044886,0.135708582228646
"10","BGOX",0.900161349944271,"16-17",48,427,4,1.19011618576465,"floa","BGOX_16-17","BGOX_16-17_48",0.69831045381624,1.19011618576465,0.491805731948412
"11","BGOX",-0.0943106794712413,"16-17",14,534,8,0.357524853947333,"floa","BGOX_16-17","BGOX_16-17_14",0.69831045381624,0.357524853947333,-0.340785599868907
"12","BGOX",0.828551817566148,"17-18",-11,454,5,0.881233077535138,"terr","BGOX_17-18","BGOX_17-18_-11",0.69831045381624,0.881233077535138,0.182922623718898
"13","BMBX",-0.49429632181478,"16-17",-5,457,2,-0.154223066599189,"floa","BMBX_16-17","BMBX_16-17_-5",-0.0446224724858093,-0.154223066599189,-0.10960059411338
"14","BMBX",-0.0408219945202552,"17-18",7,402,10,0.0649781216275707,"floa","BMBX_17-18","BMBX_17-18_7",-0.0446224724858093,0.0649781216275707,0.10960059411338
"15","BMGX",-2.40794560865187,"16-17",47,488,28,-1.63405599513433,"floa","BMGX_16-17","BMGX_16-17_47",-1.63405599513433,-1.63405599513433,0
"16","BOBX",-1.51412773262978,"15-16",29,429,3,-2.02157200492212,"floa","BOBX_15-16","BOBX_15-16_29",-0.910364607055472,-2.02157200492212,-1.11120739786665
"17","BOBX",0.0582689081239758,"15-16",-15,561,10,-0.206542640450163,"floa","BOBX_15-16","BOBX_15-16_-15",-0.910364607055472,-0.206542640450163,0.703821966605309
"18","BOBX",-2.30258509299405,"16-17",-23,484,4,-1.88846670343904,"floa","BOBX_16-17","BOBX_16-17_-23",-0.910364607055472,-1.88846670343904,-0.978102096383571
"19","BOBX",-1.51412773262978,"17-18",-16,461,19,-1.18159938394823,"terr","BOBX_17-18","BOBX_17-18_-16",-0.910364607055472,-1.18159938394823,-0.271234776892757
"20","BOBX",0.802001585472027,"17-18",13,408,2,0.746357697482195,"terr","BOBX_17-18","BOBX_17-18_13",-0.910364607055472,0.746357697482195,1.65672230453767
"21","BRBX",-2.20727491318972,"17-18",41,460,8,-2.17252296974324,"floa","BRBX_17-18","BRBX_17-18_41",-1.73736212986113,-2.17252296974324,-0.43516083988211
"22","BRBX",-1.83258146374831,"17-18",-29,476,28,-1.30220128997902,"floa","BRBX_17-18","BRBX_17-18_-29",-1.73736212986113,-1.30220128997902,0.435160839882111
"23","BROX",0.0392207131532813,"16-17",8,412,24,0.770150879794537,"terr","BROX_16-17","BROX_16-17_8",0.178708969842524,0.770150879794537,0.591441909952013
"24","BROX",-1.23787435600162,"16-17",-29,413,26,-0.412732940109488,"terr","BROX_16-17","BROX_16-17_-29",0.178708969842524,-0.412732940109488,-0.591441909952013
"25","BWOX",-0.478035800943,"15-16",-3,555,16,-0.646900353812239,"floa","BWOX_15-16","BWOX_15-16_-3",0.456067467187629,-0.646900353812239,-1.10296782099987
"26","BWOX",0.727548607277278,"16-17",-8,532,7,1.19233543935901,"terr","BWOX_16-17","BWOX_16-17_-8",0.456067467187629,1.19233543935901,0.736267972171383
"27","BWOX",-0.116533816255952,"16-17",39,467,12,0.353912335926188,"terr","BWOX_16-17","BWOX_16-17_39",0.456067467187629,0.353912335926188,-0.102155131261441
"28","BWOX",0.364643113587909,"17-18",-10,409,25,0.787522661121879,"terr","BWOX_17-18","BWOX_17-18_-10",0.456067467187629,0.787522661121879,0.331455193934251
"29","BWOX",0.609765571620894,"17-18",7,443,3,0.593467253343303,"terr","BWOX_17-18","BWOX_17-18_7",0.456067467187629,0.593467253343303,0.137399786155675
"30","BWYX",-0.798507696217772,"15-16",-11,452,11,-1.08450980810585,"floa","BWYX_15-16","BWYX_15-16_-11",-0.667496076834545,-1.08450980810585,-0.417013731271305
"31","BWYX",-0.867500567704723,"17-18",25,555,26,-0.431412280646322,"floa","BWYX_17-18","BWYX_17-18_25",-0.667496076834545,-0.431412280646322,0.236083796188222
"32","BWYX",-0.462035459596559,"17-18",36,432,5,-0.486566141751462,"floa","BWYX_17-18","BWYX_17-18_36",-0.667496076834545,-0.486566141751462,0.180929935083083
"33","BX",-2.04022082852655,"16-17",-16,496,19,-1.34331072896406,"floa","BX_16-17","BX_16-17_-16",-1.34331072896406,-1.34331072896406,0
"34","BXBL",0.576613364303994,"15-16",-21,984,20,0.647660020296088,"terr","BXBL_15-16","BXBL_15-16_-21",0.647660020296088,0.647660020296088,0
"35","BXMM",1.52388002407245,"15-16",-1,489,13,1.27323986014787,"floa","BXMM_15-16","BXMM_15-16_-1",1.27323986014787,1.27323986014787,0
"36","BXMW",-0.59783700075562,"15-16",-10,752,14,-0.732463582187894,"floa","BXMW_15-16","BXMW_15-16_-10",0.176968558575098,-0.732463582187894,-0.909432140762992
"37","BXMW",0.418710334858185,"16-17",-13,460,3,0.790987273238492,"floa","BXMW_16-17","BXMW_16-17_-13",0.176968558575098,0.790987273238492,0.614018714663393
"38","BXMW",0.231111720963387,"17-18",-14,426,15,0.472381984674697,"terr","BXMW_17-18","BXMW_17-18_-14",0.176968558575098,0.472381984674697,0.295413426099599
"39","BXMY",1.23256026117785,"15-16",-17,416,34,1.38795906842472,"terr","BXMY_15-16","BXMY_15-16_-17",0.528070383982133,1.38795906842472,0.859888684442591
"40","BXMY",1.21194097397511,"15-16",29,424,9,0.8186956484723,"terr","BXMY_15-16","BXMY_15-16_29",0.528070383982133,0.8186956484723,0.290625264490167
"41","BXMY",-1.66073120682165,"16-17",9,485,3,-1.31342081906581,"terr","BXMY_16-17","BXMY_16-17_9",0.528070383982133,-1.31342081906581,-1.84149120304795
"42","BXMY",0.802001585472027,"16-17",-21,412,11,1.32541466888445,"terr","BXMY_16-17","BXMY_16-17_-21",0.528070383982133,1.32541466888445,0.797344284902313
"43","BXMY",-0.385662480811985,"17-18",-17,411,27,0.0869065286565872,"terr","BXMY_17-18","BXMY_17-18_-17",0.528070383982133,0.0869065286565872,-0.441163855325546
"44","BXMY",0.741937344729377,"17-18",10,403,11,0.862867208520555,"terr","BXMY_17-18","BXMY_17-18_10",0.528070383982133,0.862867208520555,0.334796824538422
"45","BXOM",0.712949807856125,"15-16",29,551,17.398773006135,0.5219833628492,"terr","BXOM_15-16","BXOM_15-16_29",0.24754168615586,0.5219833628492,0.27444167669334
"46","BXOM",-0.2484613592985,"15-16",-21,867,26,-0.0986746491666979,"terr","BXOM_15-16","BXOM_15-16_-21",0.24754168615586,-0.0986746491666979,-0.346216335322558
"47","BXOM",1.26129787094521,"15-16",-16,392,6,0.867288043580568,"terr","BXOM_15-16","BXOM_15-16_-16",0.24754168615586,0.867288043580568,0.619746357424708
"48","BXOM",-2.04022082852655,"16-17",-6,862,30,-1.03011538423889,"terr","BXOM_16-17","BXOM_16-17_-6",0.24754168615586,-1.03011538423889,-1.27765707039475
"49","BXOM",0.392042087776024,"17-18",-17,401,33,0.977227057755117,"terr","BXOM_17-18","BXOM_17-18_-17",0.24754168615586,0.977227057755117,0.729685371599257
"50","BXOY",0.385262400790645,"15-16",-15,419,2,-0.0788818688654353,"terr","BXOY_15-16","BXOY_15-16_-15",0.925985327837167,-0.0788818688654353,-1.0048671967026
"51","BXOY",1.64287268852034,"15-16",30,463,17,1.41485595393279,"terr","BXOY_15-16","BXOY_15-16_30",0.925985327837167,1.41485595393279,0.488870626095623
"52","BXOY",0.667829372575655,"16-17",-21,440,17,1.31588911221907,"terr","BXOY_16-17","BXOY_16-17_-21",0.925985327837167,1.31588911221907,0.389903784381906
"53","BXOY",0.488580014818671,"16-17",48,558,16.0261780104712,1.05207811406224,"terr","BXOY_16-17","BXOY_16-17_48",0.925985327837167,1.05207811406224,0.126092786225073
"54","BXP",0.774727167552368,"15-16",-10,537,11,0.514141209588392,"terr","BXP_15-16","BXP_15-16_-10",0.382617805853159,0.514141209588392,0.131523403735232
"55","BXP",2.08567209143047,"15-16",55,608,11,1.75041470538895,"terr","BXP_15-16","BXP_15-16_55",0.382617805853159,1.75041470538895,1.36779689953579
"56","BXP",-0.63487827243597,"16-17",18,536,16,-0.0340120850240122,"terr","BXP_16-17","BXP_16-17_18",0.382617805853159,-0.0340120850240122,-0.416629890877172
"57","BXP",-0.186329578191493,"16-17",-15,642,16,0.497418141364758,"terr","BXP_16-17","BXP_16-17_-15",0.382617805853159,0.497418141364758,0.114800335511598
"58","BXP",-1.17118298150295,"17-18",-12,555,19,-0.814872942052286,"terr","BXP_17-18","BXP_17-18_-12",0.382617805853159,-0.814872942052286,-1.19749074790545
"59","BXPR",1.10856261952128,"15-16",-5,870,5,0.830148550575483,"terr","BXPR_15-16","BXPR_15-16_-5",1.18659474639086,0.830148550575483,-0.356446195815377
"60","BXPR",1.6752256529721,"15-16",40,691,19,1.54304094220624,"terr","BXPR_15-16","BXPR_15-16_40",1.18659474639086,1.54304094220624,0.356446195815377
"61","BXPW",-1.51412773262978,"15-16",71,441,26,-1.63671583282399,"floa","BXPW_15-16","BXPW_15-16_71",-1.28962983247811,-1.63671583282399,-0.347086000345877
"62","BXPW",-0.693147180559945,"16-17",19,405,12,-0.212437801856148,"floa","BXPW_16-17","BXPW_16-17_19",-1.28962983247811,-0.212437801856148,1.07719203062196
"63","BXPW",-2.20727491318972,"16-17",-13,622,18,-1.49425438669813,"floa","BXPW_16-17","BXPW_16-17_-13",-1.28962983247811,-1.49425438669813,-0.204624554220022
"64","BXPW",-2.20727491318972,"17-18",-14,415,23,-1.81511130853418,"floa","BXPW_17-18","BXPW_17-18_-14",-1.28962983247811,-1.81511130853418,-0.525481476056065
"65","BXRY",0.904218150639886,"15-16",58,524,16,0.634367700877568,"terr","BXRY_15-16","BXRY_15-16_58",-0.0406608837182497,0.634367700877568,0.675028584595818
"66","BXRY",-0.478035800943,"15-16",3,427,15,-0.715689468314067,"terr","BXRY_15-16","BXRY_15-16_3",-0.0406608837182497,-0.715689468314067,-0.675028584595818
"67","BXWY",-1.71479842809193,"16-17",-21,448,32,-0.774751077730738,"floa","BXWY_16-17","BXWY_16-17_-21",-1.43294642891136,-0.774751077730738,0.658195351180626
"68","BXWY",-2.40794560865187,"16-17",8,451,6,-2.01201394823996,"floa","BXWY_16-17","BXWY_16-17_8",-1.43294642891136,-2.01201394823996,-0.5790675193286
"69","BXWY",-1.77195684193188,"17-18",-11,438,16,-1.51207426076339,"floa","BXWY_17-18","BXWY_17-18_-11",-1.43294642891136,-1.51207426076339,-0.0791278318520263
"70","BYBX",-0.867500567704723,"15-16",-1,500,59,-0.22699667495666,"terr","BYBX_15-16","BYBX_15-16_-1",0.547081057506194,-0.22699667495666,-0.774077732462854
"71","BYBX",-0.162518929497775,"16-17",-10,383,2,0.161599192883813,"terr","BYBX_16-17","BYBX_16-17_-10",0.547081057506194,0.161599192883813,-0.385481864622381
"72","BYBX",-1.02165124753198,"16-17",13,500,4,-0.656273363370635,"terr","BYBX_16-17","BYBX_16-17_13",0.547081057506194,-0.656273363370635,-1.20335442087683
"73","BYBX",0.858661619037519,"17-18",-23,417,7,0.956158112060177,"terr","BYBX_17-18","BYBX_17-18_-23",0.547081057506194,0.956158112060177,0.409077054553984
"74","BYBX",1.86717610851281,"17-18",6,602,34,2.50091802091427,"terr","BYBX_17-18","BYBX_17-18_6",0.547081057506194,2.50091802091427,1.95383696340808
"75","BYMX",0.139761942375159,"15-16",-11,522.882783882784,17.398773006135,-0.000321823332504106,"floa","BYMX_15-16","BYMX_15-16_-11",0.85483931836856,-0.000321823332504106,-0.855161141701064
"76","BYMX",1.24703229378638,"17-18",25,518,28,1.71000046006962,"floa","BYMX_17-18","BYMX_17-18_25",0.85483931836856,1.71000046006962,0.855161141701064
"77","BYOX",-1.10866262452161,"15-16",-7,499,6,-1.48224806088706,"floa","BYOX_15-16","BYOX_15-16_-7",-0.751303271944549,-1.48224806088706,-0.730944788942507
"78","BYOX",-2.30258509299405,"16-17",-9,497,33,-1.34566284208263,"floa","BYOX_16-17","BYOX_16-17_-9",-0.751303271944549,-1.34566284208263,-0.594359570138083
"79","BYOX",-2.40794560865187,"16-17",44,452,27,-1.66026664673075,"floa","BYOX_16-17","BYOX_16-17_44",-0.751303271944549,-1.66026664673075,-0.908963374786205
"80","BYOX",1.00795792039998,"17-18",-29,423,26,1.48296446192225,"floa","BYOX_17-18","BYOX_17-18_-29",-0.751303271944549,1.48296446192225,2.2342677338668
"81","BYWX",-1.83258146374831,"17-18",-16,450,41,-1.07900193029593,"floa","BYWX_17-18","BYWX_17-18_-16",-1.07900193029593,-1.07900193029593,0
"82","GBGX",-0.3147107448397,"15-16",-22,472,14,-0.520049204067706,"floa","GBGX_15-16","GBGX_15-16_-22",-0.520049204067706,-0.520049204067706,0
"83","GBPX",0.300104592450338,"16-17",-8,404,7,0.724366975789415,"terr","GBPX_16-17","GBPX_16-17_-8",1.07713072649851,0.724366975789415,-0.352763750709093
"84","GBPX",0.943905898907128,"16-17",25,450,12,1.4298944772076,"terr","GBPX_16-17","GBPX_16-17_25",1.07713072649851,1.4298944772076,0.352763750709093
"85","GGMX",0.797507195884188,"15-16",60,703,22,0.697120362340834,"terr","GGMX_15-16","GGMX_15-16_60",0.258847989206978,0.697120362340834,0.438272373133855
"86","GGMX",-0.356674943938732,"15-16",-10,738,3,-0.708000764244561,"terr","GGMX_15-16","GGMX_15-16_-10",0.258847989206978,-0.708000764244561,-0.966848753451539
"87","GGMX",0.198850858745165,"16-17",18,417,16.0261780104712,0.762547129492724,"terr","GGMX_16-17","GGMX_16-17_18",0.258847989206978,0.762547129492724,0.503699140285746
"88","GGMX",-0.916290731874155,"16-17",-15,612,3,-0.492901784973805,"terr","GGMX_16-17","GGMX_16-17_-15",0.258847989206978,-0.492901784973805,-0.751749774180783
"89","GGMX",0.553885113226438,"17-18",-12,585,25,1.0354750034197,"terr","GGMX_17-18","GGMX_17-18_-12",0.258847989206978,1.0354750034197,0.776627014212721
"90","GGRX",2.74791173452734,"15-16",-3,531,9,2.43636992560555,"terr","GGRX_15-16","GGRX_15-16_-3",0.626311996400477,2.43636992560555,1.81005792920508
"91","GGRX",-1.27296567581289,"16-17",-8,628,26,-0.411142719123778,"terr","GGRX_16-17","GGRX_16-17_-8",0.626311996400477,-0.411142719123778,-1.03745471552426
"92","GGRX",-1.04982212449868,"16-17",25,444,9,-0.623624096267288,"terr","GGRX_16-17","GGRX_16-17_25",0.626311996400477,-0.623624096267288,-1.24993609266777
"93","GGRX",0.494696241836107,"17-18",-25,804,27,1.10364487538742,"terr","GGRX_17-18","GGRX_17-18_-25",0.626311996400477,1.10364487538742,0.477332878986944
"94","GMOX",-1.71479842809193,"16-17",-21,477,19,-1.01643061229432,"floa","GMOX_16-17","GMOX_16-17_-21",-0.456595775759205,-1.01643061229432,-0.559834836535116
"95","GMOX",-0.0618754037180875,"17-18",-17,537,9,0.103239060775911,"floa","GMOX_17-18","GMOX_17-18_-17",-0.456595775759205,0.103239060775911,0.559834836535116
"96","GMPX",-1.38629436111989,"15-16",29,490,15,-1.64286233467123,"floa","GMPX_15-16","GMPX_15-16_29",-1.10593641181907,-1.64286233467123,-0.536925922852155
"97","GMPX",-1.56064774826467,"16-17",-21,550,33,-0.569010488966918,"floa","GMPX_16-17","GMPX_16-17_-21",-1.10593641181907,-0.569010488966918,0.536925922852155
"98","GOBX",0.0392207131532813,"15-16",-2,544,6,-0.327590910796418,"floa","GOBX_15-16","GOBX_15-16_-2",-1.35973587842551,-0.327590910796418,1.03214496762909
"99","GOBX",-1.77195684193188,"17-18",12,423,20,-1.47401135905998,"floa","GOBX_17-18","GOBX_17-18_12",-1.35973587842551,-1.47401135905998,-0.114275480634477
"100","GOBX",-2.40794560865187,"17-18",-20,413,9,-2.27760536542011,"floa","GOBX_17-18","GOBX_17-18_-20",-1.35973587842551,-2.27760536542011,-0.917869486994609
"101","GOYX",0.182321556793955,"17-18",-14,416,22,0.555504769860544,"floa","GOYX_17-18","GOYX_17-18_-14",0.555504769860544,0.555504769860544,0
"102","GPRX",0.0392207131532813,"16-17",-19,456,28,0.901623660543719,"floa","GPRX_16-17","GPRX_16-17_-19",0.901623660543719,0.901623660543719,0
"103","GRMX",-0.116533816255952,"15-16",-3,479,22,-0.193677827497601,"floa","GRMX_15-16","GRMX_15-16_-3",-0.624177376061029,-0.193677827497601,0.430499548563428
"104","GRMX",-0.798507696217772,"16-17",-8,540,16,-0.157515186486809,"floa","GRMX_16-17","GRMX_16-17_-8",-0.624177376061029,-0.157515186486809,0.46666218957422
"105","GRMX",-2.30258509299405,"16-17",26,534,26,-1.52133911419868,"floa","GRMX_16-17","GRMX_16-17_26",-0.624177376061029,-1.52133911419868,-0.897161738137647
"106","GROX",0.139761942375159,"15-16",-9,582,44,0.528728879980184,"floa","GROX_15-16","GROX_15-16_-9",0.788150105270168,0.528728879980184,-0.259421225289984
"107","GROX",0.27763173659828,"16-17",-5,492,10,0.783161806524997,"terr","GROX_16-17","GROX_16-17_-5",0.788150105270168,0.783161806524997,-0.00498829874517159
"108","GROX",0.307484699747961,"17-18",-23,422,17,0.5995340674972,"terr","GROX_17-18","GROX_17-18_-23",0.788150105270168,0.5995340674972,-0.188616037772969
"109","GROX",0.506817602368452,"17-18",6,676,38,1.24117566707829,"terr","GROX_17-18","GROX_17-18_6",0.788150105270168,1.24117566707829,0.453025561808124
"110","GRPX",-1.30933331998376,"15-16",58,452,5,-1.81424564945615,"floa","GRPX_15-16","GRPX_15-16_58",-1.28174516685257,-1.81424564945615,-0.532500482603577
"111","GRPX",-0.843970070294529,"15-16",-20,454,30,-0.749244684248998,"floa","GRPX_15-16","GRPX_15-16_-20",-1.28174516685257,-0.749244684248998,0.532500482603577
"112","GRWX",-1.6094379124341,"15-16",64,482,20,-1.82436516847549,"floa","GRWX_15-16","GRWX_15-16_64",-1.82436516847549,-1.82436516847549,0
"113","GWBX",-1.27296567581289,"15-16",49,550,3,-1.77199393653457,"floa","GWBX_15-16","GWBX_15-16_49",-1.77199393653457,-1.77199393653457,0
"114","GWGX",0.148420005118273,"15-16",-9,524,17.398773006135,0.00570072132932059,"floa","GWGX_15-16","GWGX_15-16_-9",0.493696688523558,0.00570072132932059,-0.487995967194237
"115","GWGX",-2.30258509299405,"16-17",-14,522,16.0261780104712,-1.65781850017706,"floa","GWGX_16-17","GWGX_16-17_-14",0.493696688523558,-1.65781850017706,-2.15151518870062
"116","GWGX",0.765467842139571,"16-17",34,629,7,1.1981908696332,"floa","GWGX_16-17","GWGX_16-17_34",0.493696688523558,1.1981908696332,0.704494181109639
"117","GWGX",1.58514521986506,"16-17",19,454,30,2.42871366330878,"floa","GWGX_16-17","GWGX_16-17_19",0.493696688523558,2.42871366330878,1.93501697478522
"118","GWRX",-2.20727491318972,"16-17",-13,584,37,-1.13964229436823,"floa","GWRX_16-17","GWRX_16-17_-13",-1.13964229436823,-1.13964229436823,0
"119","GX",1.02961941718116,"17-18",44,669,18,1.31902623708062,"terr","GX_17-18","GX_17-18_44",0.397011583207205,1.31902623708062,0.922014653873413
"120","GX",-0.755022584278033,"17-18",31,481,17,-0.525003070666208,"terr","GX_17-18","GX_17-18_31",0.397011583207205,-0.525003070666208,-0.922014653873413
"121","GXBB",-0.653926467406664,"15-16",27,515,17.398773006135,-0.853301187984323,"terr","GXBB_15-16","GXBB_15-16_27",0.284749603696814,-0.853301187984323,-1.13805079168114
"122","GXBB",1.61541998411165,"15-16",66,440,22,1.42280039537795,"terr","GXBB_15-16","GXBB_15-16_66",0.284749603696814,1.42280039537795,1.13805079168114
"123","GXGG",-0.916290731874155,"15-16",-4,877,4,-1.21328022169316,"terr","GXGG_15-16","GXGG_15-16_-4",-0.721502993989979,-1.21328022169316,-0.491777227703183
"124","GXGG",-1.89711998488588,"16-17",-17,561,25,-1.06235451780864,"terr","GXGG_16-17","GXGG_16-17_-17",-0.721502993989979,-1.06235451780864,-0.340851523818663
"125","GXGG",-2.40794560865187,"16-17",44,503,19,-1.79849609744291,"terr","GXGG_16-17","GXGG_16-17_44",-0.721502993989979,-1.79849609744291,-1.07699310345293
"126","GXGG",0.920282753143692,"17-18",-29,561,13,1.1881188609848,"terr","GXGG_17-18","GXGG_17-18_-29",-0.721502993989979,1.1881188609848,1.90962185497478
"127","GXMB",1.00430160919687,"15-16",33,515,11,0.672482160385276,"terr","GXMB_15-16","GXMB_15-16_33",-0.107989096176136,0.672482160385276,0.780471256561411
"128","GXMB",1.20597080698861,"15-16",-16,649,17,1.10559335165741,"terr","GXMB_15-16","GXMB_15-16_-16",-0.107989096176136,1.10559335165741,1.21358244783355
"129","GXMB",-0.994252273343867,"16-17",11,470,2,-0.673977058907956,"terr","GXMB_16-17","GXMB_16-17_11",-0.107989096176136,-0.673977058907956,-0.56598796273182
"130","GXMB",-1.71479842809193,"17-18",-17,641,8,-1.53605483783928,"terr","GXMB_17-18","GXMB_17-18_-17",-0.107989096176136,-1.53605483783928,-1.42806574166314
"131","GXMG",-0.941608539858445,"16-17",-17,556,9,-0.417177880576327,"floa","GXMG_16-17","GXMG_16-17_-17",-0.805254156882006,-0.417177880576327,0.388076276305679
"132","GXMG",-1.42711635564015,"17-18",-29,437,29,-0.889786486002379,"floa","GXMG_17-18","GXMG_17-18_-29",-0.805254156882006,-0.889786486002379,-0.0845323291203725
"133","GXMG",-1.13943428318836,"17-18",41,447,8,-1.10879810406731,"floa","GXMG_17-18","GXMG_17-18_41",-0.805254156882006,-1.10879810406731,-0.303543947185307
"134","GXOY",1.06125650212434,"15-16",-19,399,2,0.596758738628497,"floa","GXOY_15-16","GXOY_15-16_-19",0.285882136365677,0.596758738628497,0.31087660226282
"135","GXOY",0.854415328156068,"17-18",-31,426,13,1.08250003210204,"floa","GXOY_17-18","GXOY_17-18_-31",0.285882136365677,1.08250003210204,0.796617895736362
"136","GXOY",-1.71479842809193,"17-18",31,407,6,-1.72047398870178,"floa","GXOY_17-18","GXOY_17-18_31",0.285882136365677,-1.72047398870178,-2.00635612506745
"137","GXOY",1.04027671165515,"17-18",44,455,14,1.18474376343395,"floa","GXOY_17-18","GXOY_17-18_44",0.285882136365677,1.18474376343395,0.898861627068272
"138","GXRP",1.6094379124341,"15-16",-23,579,5,1.26579707279317,"terr","GXRP_15-16","GXRP_15-16_-23",1.26579707279317,1.26579707279317,0
"139","GXW",2.06939120582633,"15-16",-12,607,17.398773006135,1.95743333272616,"terr","GXW_15-16","GXW_15-16_-12",0.331456030662232,1.95743333272616,1.62597730206392
"140","GXW",-2.30258509299405,"16-17",-11,489,6,-1.86622509329935,"terr","GXW_16-17","GXW_16-17_-11",0.331456030662232,-1.86622509329935,-2.19768112396158
"141","GXW",0.29266961396282,"16-17",30,684,15,0.903159852559888,"terr","GXW_16-17","GXW_16-17_30",0.331456030662232,0.903159852559888,0.571703821897656
"142","GXYB",-1.89711998488588,"16-17",23,449,33,-1.00322201246318,"floa","GXYB_16-17","GXYB_16-17_23",-1.1212705721074,-1.00322201246318,0.118048559644224
"143","GXYB",-1.71479842809193,"17-18",-24,570,24,-1.23931913175162,"floa","GXYB_17-18","GXYB_17-18_-24",-1.1212705721074,-1.23931913175162,-0.118048559644224
"144","GXYR",1.93585981320181,"15-16",35,574,8,1.56183941031013,"terr","GXYR_15-16","GXYR_15-16_35",1.14408605714537,1.56183941031013,0.417753353164759
"145","GXYR",0.896088024556636,"15-16",-14,415,17.398773006135,0.72633270398061,"terr","GXYR_15-16","GXYR_15-16_-14",1.14408605714537,0.72633270398061,-0.417753353164759
"146","GXYY",1.29198368164865,"15-16",-9,479,17.398773006135,1.13501752134861,"floa","GXYY_15-16","GXYY_15-16_-9",1.13501752134861,1.13501752134861,0
"147","GYBX",-1.77195684193188,"16-17",7,638,4,-1.35392085955544,"floa","GYBX_16-17","GYBX_16-17_7",-0.939766745290197,-1.35392085955544,-0.41415411426524
"148","GYBX",-0.941608539858445,"17-18",-20,401,24,-0.525612631024957,"floa","GYBX_17-18","GYBX_17-18_-20",-0.939766745290197,-0.525612631024957,0.41415411426524
"149","GYMX",-1.71479842809193,"15-16",-1,414,20,-1.85410446428836,"floa","GYMX_15-16","GYMX_15-16_-1",-1.85410446428836,-1.85410446428836,0
"150","MBBX",1.01160091167848,"17-18",41,452,4,0.966632121699514,"floa","MBBX_17-18","MBBX_17-18_41",0.966632121699514,0.966632121699514,0
"151","MGOX",-0.994252273343867,"15-16",-11,493,31,-0.881334120848922,"terr","MGOX_15-16","MGOX_15-16_-11",-0.881334120848922,-0.881334120848922,0
"152","MGYX",0.46373401623214,"15-16",-9,529,20,0.372793567005492,"floa","MGYX_15-16","MGYX_15-16_-9",0.503881417009707,0.372793567005492,-0.131087850004215
"153","MGYX",0.940007258491471,"16-17",-10,442,22,1.66874439586052,"floa","MGYX_16-17","MGYX_16-17_-10",0.503881417009707,1.66874439586052,1.16486297885081
"154","MGYX",-1.46967597005894,"16-17",12,542,33,-0.529893711836889,"floa","MGYX_16-17","MGYX_16-17_12",0.503881417009707,-0.529893711836889,-1.0337751288466
"155","MOBX",1.90954250488444,"15-16",-13,463,17.398773006135,1.75348923976784,"floa","MOBX_15-16","MOBX_15-16_-13",0.620507014750839,1.75348923976784,1.132982225017
"156","MOBX",1.14103300455206,"16-17",-8,883,13,1.83272740648884,"terr","MOBX_16-17","MOBX_16-17_-8",0.620507014750839,1.83272740648884,1.212220391738
"157","MOBX",-1.96611285637283,"16-17",35,579,38,-0.95250765030091,"terr","MOBX_16-17","MOBX_16-17_35",0.620507014750839,-0.95250765030091,-1.57301466505175
"158","MOBX",-0.462035459596559,"17-18",-24,597,15,-0.151680936952413,"terr","MOBX_17-18","MOBX_17-18_-24",0.620507014750839,-0.151680936952413,-0.772187951703253
"159","MOWX",0.512823626428664,"16-17",34,481,8,0.917987248908349,"floa","MOWX_16-17","MOWX_16-17_34",0.917987248908349,0.917987248908349,0
"160","MPBX",-0.994252273343867,"15-16",-23,525,10,-1.25850442057433,"floa","MPBX_15-16","MPBX_15-16_-23",-1.25850442057433,-1.25850442057433,0
"161","MPGX",-1.96611285637283,"15-16",46,486,17,-2.21076165918204,"floa","MPGX_15-16","MPGX_15-16_46",-2.21076165918204,-2.21076165918204,0
"162","MPYX",-1.17118298150295,"15-16",29,435,6,-1.61883670372621,"floa","MPYX_15-16","MPYX_15-16_29",-1.48812586122607,-1.61883670372621,-0.130710842500133
"163","MPYX",-1.71479842809193,"17-18",-31,470,18.9785714285714,-1.35741501872594,"floa","MPYX_17-18","MPYX_17-18_-31",-1.48812586122607,-1.35741501872594,0.130710842500133
"164","MRGX",1.38379123090177,"15-16",-14,483,10,1.09279048355601,"floa","MRGX_15-16","MRGX_15-16_-14",1.09279048355601,1.09279048355601,0
"165","MRPX",-2.12026353620009,"16-17",34,540,17,-1.52274777602527,"floa","MRPX_16-17","MRPX_16-17_34",-1.52274777602527,-1.52274777602527,0
"166","MRWX",-0.994252273343867,"15-16",6,521,21,-1.09084770405821,"floa","MRWX_15-16","MRWX_15-16_6",-1.09084770405821,-1.09084770405821,0
"167","MWOX",-0.867500567704723,"15-16",24,464,17.398773006135,-1.07853790987108,"floa","MWOX_15-16","MWOX_15-16_24",-0.447483494153966,-1.07853790987108,-0.631054415717111
"168","MWOX",1.45161382724053,"15-16",-23,523,8,1.14813450780896,"floa","MWOX_15-16","MWOX_15-16_-23",-0.447483494153966,1.14813450780896,1.59561800196292
"169","MWOX",-1.04982212449868,"15-16",64,455,6,-1.54345535027332,"floa","MWOX_15-16","MWOX_15-16_64",-0.447483494153966,-1.54345535027332,-1.09597185611935
"170","MWOX",-0.713349887877465,"17-18",-31,596,18.9785714285714,-0.316075224280426,"floa","MWOX_17-18","MWOX_17-18_-31",-0.447483494153966,-0.316075224280426,0.13140826987354
"171","MWRX",0.940007258491471,"15-16",-3,475,19,0.803705891692343,"terr","MWRX_15-16","MWRX_15-16_-3",0.318803620644082,0.803705891692343,0.484902271048261
"172","MWRX",0.0861776962410524,"15-16",23,414,8,-0.320562913750123,"terr","MWRX_15-16","MWRX_15-16_23",0.318803620644082,-0.320562913750123,-0.639366534394204
"173","MWRX",-0.127833371509885,"16-17",-8,414,16,0.473267883990025,"terr","MWRX_16-17","MWRX_16-17_-8",0.318803620644082,0.473267883990025,0.154464263345943
"174","MX",-0.356674943938732,"15-16",12,521,18,-0.520129018101762,"terr","MX_15-16","MX_15-16_12",-0.520129018101762,-0.520129018101762,0
"175","MXBW",1.28370777234479,"15-16",-7,659,17.398773006135,1.18073989245097,"terr","MXBW_15-16","MXBW_15-16_-7",1.18073989245097,1.18073989245097,0
"176","MXBY",0.378436435720245,"15-16",60,477,17,0.110013678141852,"terr","MXBY_15-16","MXBY_15-16_60",0.523486037946427,0.110013678141852,-0.413472359804575
"177","MXBY",0.828551817566148,"15-16",-5,655,3,0.443475360933408,"terr","MXBY_15-16","MXBY_15-16_-5",0.523486037946427,0.443475360933408,-0.0800106770130193
"178","MXBY",0.99694863489161,"16-17",-14,577,16,1.65862292000166,"terr","MXBY_16-17","MXBY_16-17_-14",0.523486037946427,1.65862292000166,1.13513688205523
"179","MXBY",0.148420005118273,"16-17",34,448,5,0.485244951622221,"terr","MXBY_16-17","MXBY_16-17_34",0.523486037946427,0.485244951622221,-0.0382410863242061
"180","MXBY",-0.562118918153541,"17-18",-12,465,27,-0.0799267209670067,"terr","MXBY_17-18","MXBY_17-18_-12",0.523486037946427,-0.0799267209670067,-0.603412758913434
"181","MXGP",-0.116533816255952,"16-17",-29,604,27,0.788374664339118,"floa","MXGP_16-17","MXGP_16-17_-29",0.745203217208622,0.788374664339118,0.0431714471304958
"182","MXGP",0.198850858745165,"16-17",8,485,11,0.702031770078126,"floa","MXGP_16-17","MXGP_16-17_8",0.745203217208622,0.702031770078126,-0.0431714471304959
"183","MXYB",0.908258560176891,"15-16",21,460,17.398773006135,0.700438667444536,"terr","MXYB_15-16","MXYB_15-16_21",1.02656787239543,0.700438667444536,-0.326129204950889
"184","MXYB",1.48839958405704,"15-16",-22,631,15,1.35269707734631,"terr","MXYB_15-16","MXYB_15-16_-22",1.02656787239543,1.35269707734631,0.326129204950889
"185","MXYO",-0.27443684570176,"15-16",0,465,28,-0.244715123913303,"terr","MXYO_15-16","MXYO_15-16_0",-0.10737957304078,-0.244715123913303,-0.137335550872523
"186","MXYO",-1.96611285637283,"16-17",7,912,16.0261780104712,-1.22926020299352,"terr","MXYO_16-17","MXYO_16-17_7",-0.10737957304078,-1.22926020299352,-1.12188062995274
"187","MXYO",0.932164081030445,"16-17",-19,429,14,1.51586105868763,"terr","MXYO_16-17","MXYO_16-17_-19",-0.10737957304078,1.51586105868763,1.62324063172841
"188","MXYO",-0.59783700075562,"17-18",-11,626,6,-0.471404023943928,"terr","MXYO_17-18","MXYO_17-18_-11",-0.10737957304078,-0.471404023943928,-0.364024450903148
"189","MYOX",-1.42711635564015,"15-16",17,481,34,-1.30195556261449,"floa","MYOX_15-16","MYOX_15-16_17",-1.30195556261449,-1.30195556261449,0
"190","MYRX",-1.07880966137193,"15-16",57,576,33,-1.00265363065261,"floa","MYRX_15-16","MYRX_15-16_57",-1.38006135119364,-1.00265363065261,0.377407720541037
"191","MYRX",-2.12026353620009,"16-17",-13,491,2,-1.75746907173468,"floa","MYRX_16-17","MYRX_16-17_-13",-1.38006135119364,-1.75746907173468,-0.377407720541037
"192","OAOY",-1.96611285637283,"17-18",40,533,29,-1.50151793469384,"floa","OAOY_17-18","OAOY_17-18_40",-1.50151793469384,-1.50151793469384,0
"193","OBGX",-0.356674943938732,"15-16",-9,515,17.398773006135,-0.502243603029903,"terr","OBGX_15-16","OBGX_15-16_-9",-0.0894380536321485,-0.502243603029903,-0.412805549397755
"194","OBGX",2.06939120582633,"15-16",57,619,17,1.85040909702903,"terr","OBGX_15-16","OBGX_15-16_57",-0.0894380536321485,1.85040909702903,1.93984715066118
"195","OBGX",-1.10866262452161,"16-17",-13,427,2,-0.766130384427528,"terr","OBGX_16-17","OBGX_16-17_-13",-0.0894380536321485,-0.766130384427528,-0.676692330795379
"196","OBGX",-1.23787435600162,"17-18",-12,493,17,-0.939787324100197,"terr","OBGX_17-18","OBGX_17-18_-12",-0.0894380536321485,-0.939787324100197,-0.850349270468048
"197","OBWX",-1.56064774826467,"15-16",-16,491,25,-1.55667165925452,"floa","OBWX_15-16","OBWX_15-16_-16",-0.413899430972554,-1.55667165925452,-1.14277222828197
"198","OBWX",-1.38629436111989,"15-16",29,582,25,-1.42076549868987,"floa","OBWX_15-16","OBWX_15-16_29",-0.413899430972554,-1.42076549868987,-1.00686606771732
"199","OBWX",-0.328504066972036,"16-17",-21,408,5,0.0778606943486332,"floa","OBWX_16-17","OBWX_16-17_-21",-0.413899430972554,0.0778606943486332,0.491760125321187
"200","OBWX",0.482426149244293,"16-17",14,598,23,1.24397873970555,"floa","OBWX_16-17","OBWX_16-17_14",-0.413899430972554,1.24397873970555,1.6578781706781
"201","OGMX",-1.83258146374831,"17-18",7,515,20,-1.49803596924729,"floa","OGMX_17-18","OGMX_17-18_7",-1.49803596924729,-1.49803596924729,0
"202","OGPX",0.698134722070984,"16-17",-26,439,27,1.54632081700152,"terr","OGPX_16-17","OGPX_16-17_-26",0.12996581950293,1.54632081700152,1.41635499749859
"203","OGPX",-1.30933331998376,"16-17",8,412,10,-0.848560997169104,"terr","OGPX_16-17","OGPX_16-17_8",0.12996581950293,-0.848560997169104,-0.978526816672034
"204","OGPX",-0.328504066972036,"17-18",12,418,3,-0.360190380740023,"terr","OGPX_17-18","OGPX_17-18_12",0.12996581950293,-0.360190380740023,-0.490156200242953
"205","OGPX",-0.174353387144778,"17-18",-15,420,21,0.182293838919332,"terr","OGPX_17-18","OGPX_17-18_-15",0.12996581950293,0.182293838919332,0.0523280194164019
"206","OGRX",0.982078472412158,"15-16",-7,531,23,0.946672958593247,"floa","OGRX_15-16","OGRX_15-16_-7",-0.47763799357466,0.946672958593247,1.42431095216791
"207","OGRX",-2.30258509299405,"16-17",65,493,19,-1.72768842354355,"floa","OGRX_16-17","OGRX_16-17_65",-0.47763799357466,-1.72768842354355,-1.25005042996889
"208","OGRX",-1.17118298150295,"16-17",0,620,9,-0.651898515773674,"floa","OGRX_16-17","OGRX_16-17_0",-0.47763799357466,-0.651898515773674,-0.174260522199014
"209","OGWX",-1.77195684193188,"15-16",-20,450,41,-1.46623096761723,"floa","OGWX_15-16","OGWX_15-16_-20",-1.46623096761723,-1.46623096761723,0
"210","OMBX",-0.673344553263766,"15-16",25,498,31,-0.6126494759763,"floa","OMBX_15-16","OMBX_15-16_25",-0.949047344886684,-0.6126494759763,0.336397868910384
"211","OMBX",-1.23787435600162,"15-16",64,523,28,-1.28544521379707,"floa","OMBX_15-16","OMBX_15-16_64",-0.949047344886684,-1.28544521379707,-0.336397868910384
"212","OMGX",-1.77195684193188,"15-16",-6,580,17.398773006135,-1.90143051785312,"terr","OMGX_15-16","OMGX_15-16_-6",0.258093891432987,-1.90143051785312,-2.15952440928611
"213","OMGX",1.09861228866811,"15-16",40,520,2,0.58424063679923,"terr","OMGX_15-16","OMGX_15-16_40",0.258093891432987,0.58424063679923,0.326146745366243
"214","OMGX",-0.301105092783922,"16-17",-17,621,11,0.282498365814841,"terr","OMGX_16-17","OMGX_16-17_-17",0.258093891432987,0.282498365814841,0.0244044743818533
"215","OMGX",0.53062825106217,"16-17",47,458,15,1.04415909192381,"terr","OMGX_16-17","OMGX_16-17_47",0.258093891432987,1.04415909192381,0.786065200490822
"216","OMGX",0.932164081030445,"17-18",-27,467,18,1.26373576541181,"terr","OMGX_17-18","OMGX_17-18_-27",0.258093891432987,1.26373576541181,1.00564187397882
"217","OMGX",-0.527632742082372,"17-18",9,846,39,0.27536000650136,"terr","OMGX_17-18","OMGX_17-18_9",0.258093891432987,0.27536000650136,0.0172661150683724
"218","OMOX",1.17248213723457,"15-16",24,623,17.398773006135,1.01178375874073,"floa","OMOX_15-16","OMOX_15-16_24",-0.246663095204202,1.01178375874073,1.25844685394493
"219","OMOX",-1.38629436111989,"15-16",-2,474,20,-1.50510994914913,"floa","OMOX_15-16","OMOX_15-16_-2",-0.246663095204202,-1.50510994914913,-1.25844685394493
"220","OMRX",-0.261364764134408,"15-16",47,559,18,-0.46509959124438,"terr","OMRX_15-16","OMRX_15-16_47",0.173927896596207,-0.46509959124438,-0.639027487840588
"221","OMRX",0.845868267577609,"15-16",-1,515,12,0.584162643459124,"terr","OMRX_15-16","OMRX_15-16_-1",0.173927896596207,0.584162643459124,0.410234746862917
"222","OMRX",-0.0202027073175195,"17-18",41,528,27,0.402720637573878,"terr","OMRX_17-18","OMRX_17-18_41",0.173927896596207,0.402720637573878,0.228792740977671
"223","OMWX",-0.941608539858445,"15-16",-17,625,13,-1.12527767188885,"floa","OMWX_15-16","OMWX_15-16_-17",0.158138087471063,-1.12527767188885,-1.28341575935991
"224","OMWX",0.398776119957368,"16-17",21,523,13,0.933151738052421,"terr","OMWX_16-17","OMWX_16-17_21",0.158138087471063,0.933151738052421,0.775013650581357
"225","OMWX",0.536493370514568,"17-18",-2,558,8,0.666540196249616,"terr","OMWX_17-18","OMWX_17-18_-2",0.158138087471063,0.666540196249616,0.508402108778552
"226","OOGX",-2.12026353620009,"16-17",11,588,10,-1.60825393482149,"floa","OOGX_16-17","OOGX_16-17_11",-1.06854469613637,-1.60825393482149,-0.53970923868512
"227","OOGX",-1.02165124753198,"17-18",-17,414,28,-0.528835457451247,"floa","OOGX_17-18","OOGX_17-18_-17",-1.06854469613637,-0.528835457451247,0.53970923868512
"228","OOOX",-2.20727491318972,"16-17",-19,423,9,-1.72196246329113,"floa","OOOX_16-17","OOOX_16-17_-19",-1.72196246329113,-1.72196246329113,0
"229","OORX",-2.12026353620009,"16-17",-6,858,18,-1.34298834707271,"floa","OORX_16-17","OORX_16-17_-6",-1.34298834707271,-1.34298834707271,0
"230","OOWX",1.7509374747078,"15-16",-1,445,24,1.69863390882026,"terr","OOWX_15-16","OOWX_15-16_-1",1.49671489568953,1.69863390882026,0.201919013130729
"231","OOWX",0.392042087776024,"16-17",12,536,16.0261780104712,1.00238110887844,"terr","OOWX_16-17","OOWX_16-17_12",1.49671489568953,1.00238110887844,-0.494333786811092
"232","OOWX",1.26412672714568,"16-17",-10,408,12,1.78912966936989,"terr","OOWX_16-17","OOWX_16-17_-10",1.49671489568953,1.78912966936989,0.292414773680363
"233","OOYX",0.500775287912489,"15-16",71,445,10,0.0707017552253723,"terr","OOYX_15-16","OOYX_15-16_71",0.35888097222954,0.0707017552253723,-0.288179217004168
"234","OOYX",1.51512723296286,"15-16",-5,684,1,1.10063811905886,"terr","OOYX_15-16","OOYX_15-16_-5",0.35888097222954,1.10063811905886,0.741757146829322
"235","OOYX",-2.04022082852655,"16-17",-13,608,37,-0.964989875565813,"terr","OOYX_16-17","OOYX_16-17_-13",0.35888097222954,-0.964989875565813,-1.32387084779535
"236","OOYX",0.86288995514704,"16-17",34,602,4,1.22917389019974,"terr","OOYX_16-17","OOYX_16-17_34",0.35888097222954,1.22917389019974,0.870292917970199
"237","OPMX",-0.776528789498996,"15-16",60,508,27,-0.842167143699957,"floa","OPMX_15-16","OPMX_15-16_60",-0.137765569787544,-0.842167143699957,-0.704401573912413
"238","OPMX",-1.23787435600162,"15-16",69,583,38,-1.08095255409672,"floa","OPMX_15-16","OPMX_15-16_69",-0.137765569787544,-1.08095255409672,-0.943186984309179
"239","OPMX",-1.27296567581289,"15-16",-12,581,17.398773006135,-1.39315507756392,"floa","OPMX_15-16","OPMX_15-16_-12",-0.137765569787544,-1.39315507756392,-1.25538950777637
"240","OPMX",1.00430160919687,"16-17",19,478,3,1.3344496879714,"floa","OPMX_16-17","OPMX_16-17_19",-0.137765569787544,1.3344496879714,1.47221525775894
"241","OPMX",0.779324876800998,"16-17",-13,419,11,1.29299723845148,"floa","OPMX_16-17","OPMX_16-17_-13",-0.137765569787544,1.29299723845148,1.43076280823902
"242","OPWX",-0.867500567704723,"15-16",67,417,3,-1.43553929419132,"floa","OPWX_15-16","OPWX_15-16_67",-0.897164238372055,-1.43553929419132,-0.538375055819263
"243","OPWX",-2.20727491318972,"16-17",-19,433,16.0261780104712,-1.58321241204377,"floa","OPWX_16-17","OPWX_16-17_-19",-0.897164238372055,-1.58321241204377,-0.686048173671716
"244","OPWX",-2.20727491318972,"16-17",49,542,3,-1.90170299461593,"floa","OPWX_16-17","OPWX_16-17_49",-0.897164238372055,-1.90170299461593,-1.00453875624388
"245","OPWX",-1.96611285637283,"16-17",7,537,56,-0.576609776905033,"floa","OPWX_16-17","OPWX_16-17_7",-0.897164238372055,-0.576609776905033,0.320554461467022
"246","OPWX",-1.71479842809193,"17-18",13,480,33,-1.14944065947655,"floa","OPWX_17-18","OPWX_17-18_13",-0.897164238372055,-1.14944065947655,-0.252276421104493
"247","OPWX",0.867100487683383,"17-18",-16,419,23,1.26351970700027,"floa","OPWX_17-18","OPWX_17-18_-16",-0.897164238372055,1.26351970700027,2.16068394537233
"248","OPYX",-1.42711635564015,"15-16",56,767,22,-1.5012625135359,"floa","OPYX_15-16","OPYX_15-16_56",-1.5012625135359,-1.5012625135359,0
"249","ORMX",-2.12026353620009,"16-17",-16,410,30,-1.23831392334424,"floa","ORMX_16-17","ORMX_16-17_-16",-1.23831392334424,-1.23831392334424,0
"250","ORPX",-0.994252273343867,"15-16",-10,550,17.398773006135,-1.1272454156629,"floa","ORPX_15-16","ORPX_15-16_-10",0.253484033221497,-1.1272454156629,-1.38072944888439
"251","ORPX",0.553885113226438,"16-17",34,542,16,1.1327370790681,"floa","ORPX_16-17","ORPX_16-17_34",0.253484033221497,1.1327370790681,0.879253045846605
"252","ORPX",0.418710334858185,"16-17",42,423,6,0.754960436259287,"floa","ORPX_16-17","ORPX_16-17_42",0.253484033221497,0.754960436259287,0.50147640303779
"253","OWBX",0.494696241836107,"15-16",49,519,16,0.236714321166401,"floa","OWBX_15-16","OWBX_15-16_49",-0.202635441138733,0.236714321166401,0.439349762305135
"254","OWBX",0.438254930931155,"15-16",66,421,10,0.00805612820013599,"floa","OWBX_15-16","OWBX_15-16_66",-0.202635441138733,0.00805612820013599,0.210691569338869
"255","OWBX",-0.510825623765991,"15-16",-7,434,9,-0.847098915224295,"floa","OWBX_15-16","OWBX_15-16_-7",-0.202635441138733,-0.847098915224295,-0.644463474085562
"256","OWBX",0.182321556793955,"16-17",-17,522,17,0.85036382013686,"floa","OWBX_16-17","OWBX_16-17_-17",-0.202635441138733,0.85036382013686,1.05299926127559
"257","OWBX",-1.46967597005894,"17-18",-13,449,13,-1.26121255997277,"floa","OWBX_17-18","OWBX_17-18_-13",-0.202635441138733,-1.26121255997277,-1.05857711883403
"258","OX",0.536493370514568,"15-16",27,652,17.398773006135,0.380492473981784,"terr","OX_15-16","OX_15-16_27",0.380492473981784,0.380492473981784,0
"259","OXMM",0.207014169384326,"16-17",-29,450,10,0.735117862225018,"terr","OXMM_16-17","OXMM_16-17_-29",0.544955853088638,0.735117862225018,0.19016200913638
"260","OXMM",0.943905898907128,"16-17",8,489,21,1.64132308771087,"terr","OXMM_16-17","OXMM_16-17_8",0.544955853088638,1.64132308771087,1.09636723462223
"261","OXMM",-1.17118298150295,"17-18",-20,444,24,-0.741573390669971,"terr","OXMM_17-18","OXMM_17-18_-20",0.544955853088638,-0.741573390669971,-1.28652924375861
"262","OXOY",-1.71479842809193,"16-17",18,428,23,-1.01304582239329,"floa","OXOY_16-17","OXOY_16-17_18",-0.820468113106052,-1.01304582239329,-0.192577709287235
"263","OXOY",-0.693147180559945,"17-18",-12,489,5,-0.627890403818816,"floa","OXOY_17-18","OXOY_17-18_-12",-0.820468113106052,-0.627890403818816,0.192577709287235
"264","OXPM",1.58514521986506,"15-16",-14,943,12,1.47837318787773,"terr","OXPM_15-16","OXPM_15-16_-14",1.38076198319913,1.47837318787773,0.0976112046785944
"265","OXPM",1.69927861643389,"15-16",35,441,8,1.28315077852054,"terr","OXPM_15-16","OXPM_15-16_35",1.38076198319913,1.28315077852054,-0.0976112046785944
"266","OXYP",0.904218150639886,"16-17",7,443,11,1.39559659004823,"terr","OXYP_16-17","OXYP_16-17_7",-0.114928605326275,1.39559659004823,1.51052519537451
"267","OXYP",-2.04022082852655,"16-17",-23,547,3,-1.62545380070078,"terr","OXYP_16-17","OXYP_16-17_-23",-0.114928605326275,-1.62545380070078,-1.51052519537451
"268","OXYY",-1.13943428318836,"16-17",19,418,13,-0.635312151314384,"floa","OXYY_16-17","OXYY_16-17_19",-0.279846797912259,-0.635312151314384,-0.355465353402126
"269","OXYY",-0.59783700075562,"17-18",-3,624,35,0.0756185554898672,"floa","OXYY_17-18","OXYY_17-18_-3",-0.279846797912259,0.0756185554898672,0.355465353402126
"270","PBGX",-1.83258146374831,"15-16",-3,550,50,-1.34693138217482,"floa","PBGX_15-16","PBGX_15-16_-3",-0.113080432902042,-1.34693138217482,-1.23385094927278
"271","PBGX",-0.7339691750802,"16-17",25,414,16.0261780104712,-0.181684985833531,"floa","PBGX_16-17","PBGX_16-17_25",-0.113080432902042,-0.181684985833531,-0.0686045529314895
"272","PBGX",-0.0943106794712413,"17-18",-25,796,25,0.473511198344143,"floa","PBGX_17-18","PBGX_17-18_-25",-0.113080432902042,0.473511198344143,0.586591631246184
"273","PBGX",0.215111379616945,"17-18",7,439,24,0.602783438056044,"floa","PBGX_17-18","PBGX_17-18_7",-0.113080432902042,0.602783438056044,0.715863870958085
"274","PBOX",-1.27296567581289,"15-16",-20,446,30,-1.18077306781377,"floa","PBOX_15-16","PBOX_15-16_-20",-1.18077306781377,-1.18077306781377,0
"275","PGGX",-1.66073120682165,"17-18",14,643,6,-1.56628139713805,"floa","PGGX_17-18","PGGX_17-18_14",-1.56628139713805,-1.56628139713805,0
"276","PGRX",-1.10866262452161,"16-17",10,766,37,-0.0177853999827422,"terr","PGRX_16-17","PGRX_16-17_10",0.017110347763948,-0.0177853999827422,-0.0348957477466902
"277","PGRX",-0.673344553263766,"16-17",-27,412,21,0.0520060955106383,"terr","PGRX_16-17","PGRX_16-17_-27",0.017110347763948,0.0520060955106383,0.0348957477466902
"278","PGWX",0.693147180559945,"15-16",-9,638,17.398773006135,0.586519983932422,"terr","PGWX_15-16","PGWX_15-16_-9",1.11658440422351,0.586519983932422,-0.530064420291087
"279","PGWX",0.717839793150317,"16-17",-5,459,15,1.30940709785935,"terr","PGWX_16-17","PGWX_16-17_-5",1.11658440422351,1.30940709785935,0.192822693635844
"280","PGWX",-0.776528789498996,"16-17",12,578,12,-0.230585795807968,"terr","PGWX_16-17","PGWX_16-17_12",1.11658440422351,-0.230585795807968,-1.34717020003148
"281","PGWX",1.51292701205326,"17-18",15,459,46,2.3195078676405,"terr","PGWX_17-18","PGWX_17-18_15",1.11658440422351,2.3195078676405,1.20292346341699
"282","PGWX",1.38128181929635,"17-18",6,565,13,1.59807286749324,"terr","PGWX_17-18","PGWX_17-18_6",1.11658440422351,1.59807286749324,0.481488463269731
"283","PMPX",0.425267735404344,"15-16",-10,499,11,0.152651081719892,"floa","PMPX_15-16","PMPX_15-16_-10",0.0151247266071462,0.152651081719892,0.137526355112746
"284","PMPX",-1.89711998488588,"16-17",-13,455,3,-1.52642603278458,"floa","PMPX_16-17","PMPX_16-17_-13",0.0151247266071462,-1.52642603278458,-1.54155075939173
"285","PMPX",0.139761942375159,"16-17",34,547,19,0.778087861030103,"floa","PMPX_16-17","PMPX_16-17_34",0.0151247266071462,0.778087861030103,0.762963134422957
"286","PMPX",0.231111720963387,"17-18",-14,458,24,0.656185996463175,"terr","PMPX_17-18","PMPX_17-18_-14",0.0151247266071462,0.656185996463175,0.641061269856028
"287","POBX",-1.56064774826467,"15-16",-12,943,13,-1.65111201704538,"floa","POBX_15-16","POBX_15-16_-12",-1.65111201704538,-1.65111201704538,0
"288","POOX",-0.967584026261706,"15-16",-2,498,17.398773006135,-1.12899712843499,"floa","POOX_15-16","POOX_15-16_-2",-1.12899712843499,-1.12899712843499,0
"289","PORX",1.69561560867515,"15-16",35,573,7,1.30198161968291,"floa","PORX_15-16","PORX_15-16_35",1.30198161968291,1.30198161968291,0
"290","PPGX",-0.967584026261706,"15-16",-22,504,8,-1.27857330637259,"floa","PPGX_15-16","PPGX_15-16_-22",-1.27857330637259,-1.27857330637259,0
"291","PPPX",-1.96611285637283,"16-17",-17,452,35,-0.972886601730442,"floa","PPPX_16-17","PPPX_16-17_-17",-0.611515453521025,-0.972886601730442,-0.361371148209417
"292","PPPX",-0.462035459596559,"17-18",9,590,6,-0.376892240375122,"floa","PPPX_17-18","PPPX_17-18_9",-0.611515453521025,-0.376892240375122,0.234623213145903
"293","PPPX",-0.994252273343867,"17-18",-29,410,28,-0.484767518457511,"floa","PPPX_17-18","PPPX_17-18_-29",-0.611515453521025,-0.484767518457511,0.126747935063514
"294","PPWX",1.67335123817775,"15-16",-9,476,29,1.73930403399641,"floa","PPWX_15-16","PPWX_15-16_-9",0.423482482422056,1.73930403399641,1.31582155157435
"295","PPWX",0.418710334858185,"16-17",-5,452,18,1.06595242531088,"terr","PPWX_16-17","PPWX_16-17_-5",0.423482482422056,1.06595242531088,0.642469942888821
"296","PPWX",-0.478035800943,"16-17",33,511,29,0.343357117769711,"terr","PPWX_16-17","PPWX_16-17_33",0.423482482422056,0.343357117769711,-0.080125364652345
"297","PPWX",-1.6094379124341,"17-18",-23,415,10,-1.45468364738877,"terr","PPWX_17-18","PPWX_17-18_-23",0.423482482422056,-1.45468364738877,-1.87816612981083
"298","PWBX",-1.51412773262978,"15-16",66,454,29,-1.56723603786895,"floa","PWBX_15-16","PWBX_15-16_66",-1.21369567570598,-1.56723603786895,-0.353540362162967
"299","PWBX",-1.42711635564015,"16-17",-17,603,16.0261780104712,-0.752221546645994,"floa","PWBX_16-17","PWBX_16-17_-17",-1.21369567570598,-0.752221546645994,0.461474129059985
"300","PWBX",-1.77195684193188,"17-18",-29,406,25,-1.321629442603,"terr","PWBX_17-18","PWBX_17-18_-29",-1.21369567570598,-1.321629442603,-0.107933766897019
"301","PWGX",-0.579818495252942,"17-18",-14,422,39,0.123313111709328,"floa","PWGX_17-18","PWGX_17-18_-14",0.123313111709328,0.123313111709328,0
"302","PWRX",-2.40794560865187,"17-18",24,558,23,-2.02730388354127,"floa","PWRX_17-18","PWRX_17-18_24",-2.02730388354127,-2.02730388354127,0
"303","PXG",-0.653926467406664,"15-16",3,663,11,-0.894051137787486,"terr","PXG_15-16","PXG_15-16_3",-0.633119692746278,-0.894051137787486,-0.260931445041208
"304","PXG",-0.328504066972036,"15-16",58,446,29,-0.372188247705069,"terr","PXG_15-16","PXG_15-16_58",-0.633119692746278,-0.372188247705069,0.260931445041208
"305","PXLO",0.662687973075237,"15-16",30,546,17.398773006135,0.468643928970232,"floa","PXLO_15-16","PXLO_15-16_30",0.0539802040301379,0.468643928970232,0.414663724940095
"306","PXLO",-0.994252273343867,"15-16",-16,460,23,-1.0386846769531,"floa","PXLO_15-16","PXLO_15-16_-16",0.0539802040301379,-1.0386846769531,-1.09266488098324
"307","PXLO",0.500775287912489,"17-18",-17,441,14,0.73198136007328,"terr","PXLO_17-18","PXLO_17-18_-17",0.0539802040301379,0.73198136007328,0.678001156043142
"308","PXOP",-1.02165124753198,"15-16",-19,437,29,-0.953099616498911,"floa","PXOP_15-16","PXOP_15-16_-19",-0.673614357009284,-0.953099616498911,-0.279485259489627
"309","PXOP",-2.12026353620009,"17-18",-31,449,18.9785714285714,-1.76952866920595,"terr","PXOP_17-18","PXOP_17-18_-31",-0.673614357009284,-1.76952866920595,-1.09591431219666
"310","PXOP",0.746687947487975,"17-18",31,405,4,0.701785214677006,"terr","PXOP_17-18","PXOP_17-18_31",-0.673614357009284,0.701785214677006,1.37539957168629
"311","PXP",0.350656871613169,"16-17",-17,593,19,1.07977151780753,"terr","PXP_16-17","PXP_16-17_-17",0.943165756734441,1.07977151780753,0.136605761073091
"312","PXP",0.482426149244293,"17-18",40,516,22,0.80655999566135,"terr","PXP_17-18","PXP_17-18_40",0.943165756734441,0.80655999566135,-0.136605761073091
"313","PXPM",-1.89711998488588,"16-17",-17,400,2,-1.55715741942218,"floa","PXPM_16-17","PXPM_16-17_-17",-1.8207156537663,-1.55715741942218,0.263558234344121
"314","PXPM",-2.12026353620009,"16-17",0,505,16,-1.50230883297475,"floa","PXPM_16-17","PXPM_16-17_0",-1.8207156537663,-1.50230883297475,0.318406820791545
"315","PXPM",-1.89711998488588,"17-18",40,449,8,-1.86435599843416,"floa","PXPM_17-18","PXPM_17-18_40",-1.8207156537663,-1.86435599843416,-0.0436403446678595
"316","PXPM",-2.40794560865187,"17-18",-29,479,3,-2.3590403642341,"floa","PXPM_17-18","PXPM_17-18_-29",-1.8207156537663,-2.3590403642341,-0.538324710467806
"317","PXRM",0.53062825106217,"15-16",64,648,30,0.561226027931485,"terr","PXRM_15-16","PXRM_15-16_64",1.46413621569341,0.561226027931485,-0.902910187761923
"318","PXRM",1.88251383249652,"15-16",-19,902,7,1.67374943289287,"terr","PXRM_15-16","PXRM_15-16_-19",1.46413621569341,1.67374943289287,0.209613217199462
"319","PXRM",1.32175583998232,"17-18",44,419,23,1.62849829015506,"terr","PXRM_17-18","PXRM_17-18_44",1.46413621569341,1.62849829015506,0.164362074461654
"320","PXRM",1.09861228866811,"17-18",-31,482,18.9785714285714,1.45979486510372,"terr","PXRM_17-18","PXRM_17-18_-31",1.46413621569341,1.45979486510372,-0.00434135058968832
"321","PXRM",1.42069578783722,"17-18",31,418,36,1.9974124623839,"terr","PXRM_17-18","PXRM_17-18_31",1.46413621569341,1.9974124623839,0.533276246690496
"322","PXY",1.31640823365572,"15-16",57,495,6,0.845901187846647,"terr","PXY_15-16","PXY_15-16_57",0.783624285050125,0.845901187846647,0.0622769027965218
"323","PXY",0.683096844706444,"15-16",-9,665,1,0.268570834218486,"terr","PXY_15-16","PXY_15-16_-9",0.783624285050125,0.268570834218486,-0.51505345083164
"324","PXY",0.19062035960865,"16-17",-13,421,8,0.647034949236463,"terr","PXY_16-17","PXY_16-17_-13",0.783624285050125,0.647034949236463,-0.136589335813662
"325","PXY",0.647103242058538,"16-17",19,448,24,1.37299016889891,"terr","PXY_16-17","PXY_16-17_19",0.783624285050125,1.37299016889891,0.58936588384878
"326","PXYM",-2.30258509299405,"16-17",22,553,28,-1.47075133737265,"floa","PXYM_16-17","PXYM_16-17_22",-1.82943865245686,-1.47075133737265,0.358687315084209
"327","PXYM",-2.12026353620009,"17-18",23,416,6,-2.11113281895517,"floa","PXYM_17-18","PXYM_17-18_23",-1.82943865245686,-2.11113281895517,-0.281694166498315
"328","PXYM",-2.30258509299405,"17-18",46,528,26,-1.90643180104275,"floa","PXYM_17-18","PXYM_17-18_46",-1.82943865245686,-1.90643180104275,-0.0769931485858946
"329","PXYY",1.65822807660353,"15-16",-7,457,12,1.38712748856295,"terr","PXYY_15-16","PXYY_15-16_-7",0.753319764919405,1.38712748856295,0.633807723643541
"330","PXYY",0.896088024556636,"15-16",49,479,19,0.683333180189121,"terr","PXYY_15-16","PXYY_15-16_49",0.753319764919405,0.683333180189121,-0.0699865847302839
"331","PXYY",-0.186329578191493,"16-17",6,810,16,0.519219611139044,"terr","PXYY_16-17","PXYY_16-17_6",0.753319764919405,0.519219611139044,-0.234100153780361
"332","PXYY",0.00995033085316809,"17-18",-29,473,22,0.423598779786509,"terr","PXYY_17-18","PXYY_17-18_-29",0.753319764919405,0.423598779786509,-0.329720985132896
"333","PYRX",-2.20727491318972,"17-18",7,510,27,-1.73923348305441,"floa","PYRX_17-18","PYRX_17-18_7",-1.73923348305441,-1.73923348305441,0
"334","PYWX",-0.579818495252942,"15-16",-11,899,23,-0.492737767660438,"floa","PYWX_15-16","PYWX_15-16_-11",-0.492737767660438,-0.492737767660438,0
"335","RAGR",1.708377860289,"15-16",58,533,8,1.28700087507085,"floa","RAGR_15-16","RAGR_15-16_58",1.28700087507085,1.28700087507085,0
"336","RBGX",-0.82098055206983,"17-18",25,562,33,-0.247597162307517,"floa","RBGX_17-18","RBGX_17-18_25",-0.247597162307517,-0.247597162307517,0
"337","RBOX",1.1999647829284,"15-16",17,508,8,0.831951991897025,"terr","RBOX_15-16","RBOX_15-16_17",-0.486881273273496,0.831951991897025,1.31883326517052
"338","RBOX",-1.83258146374831,"16-17",18,477,22,-1.13461258136013,"terr","RBOX_16-17","RBOX_16-17_18",-0.486881273273496,-1.13461258136013,-0.647731308086634
"339","RBOX",-1.56064774826467,"17-18",-3,622,21,-1.15798323035738,"terr","RBOX_17-18","RBOX_17-18_-3",-0.486881273273496,-1.15798323035738,-0.671101957083887
"340","RBPX",-0.798507696217772,"16-17",-8,466,8,-0.335319294174213,"floa","RBPX_16-17","RBPX_16-17_-8",-0.335319294174213,-0.335319294174213,0
"341","RGWX",-0.673344553263766,"15-16",67,444,23,-0.846895376948567,"floa","RGWX_15-16","RGWX_15-16_67",-0.83499769003647,-0.846895376948567,-0.0118976869120967
"342","RGWX",-1.51412773262978,"16-17",-29,477,18,-0.823100003124374,"floa","RGWX_16-17","RGWX_16-17_-29",-0.83499769003647,-0.823100003124374,0.0118976869120966
"343","RPOX",1.30019166206648,"15-16",-3,571,16,1.13639266529007,"floa","RPOX_15-16","RPOX_15-16_-3",1.13639266529007,1.13639266529007,0
"344","RPYX",0.0769610411361284,"16-17",12,482,7,0.496025754046379,"floa","RPYX_16-17","RPYX_16-17_12",0.496025754046379,0.496025754046379,0
"345","RRRX",-1.83258146374831,"16-17",12,515,16.0261780104712,-1.22889098501774,"terr","RRRX_16-17","RRRX_16-17_12",0.00205671633917431,-1.22889098501774,-1.23094770135691
"346","RRRX",0.553885113226438,"16-17",-5,499,34,1.52475909621794,"terr","RRRX_16-17","RRRX_16-17_-5",0.00205671633917431,1.52475909621794,1.52270237987876
"347","RRRX",0.783901543828409,"17-18",-10,397,17,1.0486060135347,"terr","RRRX_17-18","RRRX_17-18_-10",0.00205671633917431,1.0486060135347,1.04654929719552
"348","RRRX",-1.51412773262978,"17-18",6,564,11,-1.3362472593782,"terr","RRRX_17-18","RRRX_17-18_6",0.00205671633917431,-1.3362472593782,-1.33830397571737
"349","RRYX",0.832909122935104,"16-17",-26,447,13,1.41347015208545,"terr","RRYX_16-17","RRYX_16-17_-26",1.17993479569995,1.41347015208545,0.233535356385508
"350","RRYX",0.641853886172395,"16-17",8,422,20,1.29876206999264,"terr","RRYX_16-17","RRYX_16-17_8",1.17993479569995,1.29876206999264,0.118827274292697
"351","RRYX",0.693147180559945,"17-18",-15,427,27,1.16779252048321,"terr","RRYX_17-18","RRYX_17-18_-15",1.17993479569995,1.16779252048321,-0.0121422752167346
"352","RRYX",0.657520002916794,"17-18",12,545,12,0.839714440238476,"terr","RRYX_17-18","RRYX_17-18_12",1.17993479569995,0.839714440238476,-0.340220355461469
"353","RWGX",-1.66073120682165,"15-16",-19,904,8,-1.84956542306894,"floa","RWGX_15-16","RWGX_15-16_-19",-0.0384649340621616,-1.84956542306894,-1.81110048900678
"354","RWGX",1.42791603581071,"17-18",-31,430,18.9785714285714,1.77263555494462,"terr","RWGX_17-18","RWGX_17-18_-31",-0.0384649340621616,1.77263555494462,1.81110048900678
"355","RWPX",-1.02165124753198,"15-16",-17,457,35,-0.833974963952466,"floa","RWPX_15-16","RWPX_15-16_-17",-0.440559761685036,-0.833974963952466,-0.39341520226743
"356","RWPX",-1.89711998488588,"16-17",9,458,14,-1.34609084574437,"floa","RWPX_16-17","RWPX_16-17_9",-0.440559761685036,-1.34609084574437,-0.905531084059336
"357","RWPX",-1.38629436111989,"16-17",-23,572,17,-0.69345455807247,"floa","RWPX_16-17","RWPX_16-17_-23",-0.440559761685036,-0.69345455807247,-0.252894796387434
"358","RWPX",0.598836501088704,"17-18",-17,476,28,1.11128132102916,"floa","RWPX_17-18","RWPX_17-18_-17",-0.440559761685036,1.11128132102916,1.5518410827142
"359","RXBY",1.55814461804655,"15-16",-2,941,17.398773006135,1.53698410019355,"terr","RXBY_15-16","RXBY_15-16_-2",1.33855332196239,1.53698410019355,0.198430778231163
"360","RXBY",1.62727783056243,"15-16",40,557,19,1.4526690875191,"terr","RXBY_15-16","RXBY_15-16_40",1.33855332196239,1.4526690875191,0.114115765556708
"361","RXBY",0.732367893713227,"16-17",-12,446,2,1.07942086884848,"terr","RXBY_16-17","RXBY_16-17_-12",1.33855332196239,1.07942086884848,-0.259132453113908
"362","RXBY",1.36609165380237,"17-18",24,538,16,1.60532251188364,"terr","RXBY_17-18","RXBY_17-18_24",1.33855332196239,1.60532251188364,0.26676918992125
"363","RXBY",0.810930216216329,"17-18",-21,408,13,1.01837004136717,"terr","RXBY_17-18","RXBY_17-18_-21",1.33855332196239,1.01837004136717,-0.320183280595214
"364","RXGY",0.978326122793608,"16-17",-21,444,16,1.60835526261548,"terr","RXGY_16-17","RXGY_16-17_-21",1.57778252306547,1.60835526261548,0.0305727395500102
"365","RXGY",0.832909122935104,"16-17",9,608,20,1.54720978351546,"terr","RXGY_16-17","RXGY_16-17_9",1.57778252306547,1.54720978351546,-0.0305727395500102
"366","RXMG",-1.04982212449868,"15-16",-2,582,17.398773006135,-1.1846410571846,"floa","RXMG_15-16","RXMG_15-16_-2",-0.0373249491733091,-1.1846410571846,-1.14731610801129
"367","RXMG",-2.52572864430826,"16-17",47,463,24,-1.83694191756479,"floa","RXMG_16-17","RXMG_16-17_47",-0.0373249491733091,-1.83694191756479,-1.79961696839148
"368","RXMG",0.797507195884188,"17-18",-27,471,30,1.36190913542584,"floa","RXMG_17-18","RXMG_17-18_-27",-0.0373249491733091,1.36190913542584,1.39923408459915
"369","RXMG",1.31103187661934,"17-18",9,585,12,1.51037404263031,"floa","RXMG_17-18","RXMG_17-18_9",-0.0373249491733091,1.51037404263031,1.54769899180362
"370","RXMM",1.14103300455206,"15-16",-7,498,2,0.689943015551787,"floa","RXMM_15-16","RXMM_15-16_-7",0.370302519841837,0.689943015551787,0.31964049570995
"371","RXMM",0.871293365943419,"16-17",-17,467,25,1.67629869097527,"floa","RXMM_16-17","RXMM_16-17_-17",0.370302519841837,1.67629869097527,1.30599617113343
"372","RXMM",0.576613364303994,"16-17",6,878,13,1.2458002004948,"floa","RXMM_16-17","RXMM_16-17_6",0.370302519841837,1.2458002004948,0.87549768065296
"373","RXMM",-2.40794560865187,"16-17",44,417,3,-2.13447528295799,"floa","RXMM_16-17","RXMM_16-17_44",0.370302519841837,-2.13447528295799,-2.50477780279983
"374","RXMM",0.246860077931526,"17-18",-21,398,9,0.373945975145322,"floa","RXMM_17-18","RXMM_17-18_-21",0.370302519841837,0.373945975145322,0.00364345530348553
"375","RXO",0.797507195884188,"15-16",44,532,32,0.859865925151366,"terr","RXO_15-16","RXO_15-16_44",-0.310168120371438,0.859865925151366,1.1700340455228
"376","RXO",-1.13943428318836,"15-16",-2,441,17.398773006135,-1.31889342894237,"terr","RXO_15-16","RXO_15-16_-2",-0.310168120371438,-1.31889342894237,-1.00872530857093
"377","RXO",0.625938430866495,"16-17",0,450,10,1.11069835195418,"terr","RXO_16-17","RXO_16-17_0",-0.310168120371438,1.11069835195418,1.42086647232562
"378","RXO",-2.04022082852655,"17-18",-22,398,10,-1.89234332964893,"terr","RXO_17-18","RXO_17-18_-22",-0.310168120371438,-1.89234332964893,-1.58217520927749
"379","RXRO",-1.13943428318836,"15-16",29,498,12,-1.45136044522756,"floa","RXRO_15-16","RXRO_15-16_29",0.00844761039074523,-1.45136044522756,-1.4598080556183
"380","RXRO",0.936093359170335,"15-16",-15,452,9,0.617475720869019,"floa","RXRO_15-16","RXRO_15-16_-15",0.00844761039074523,0.617475720869019,0.609028110478274
"381","RXRO",0.246860077931526,"16-17",-17,529,14,0.859227555530775,"floa","RXRO_16-17","RXRO_16-17_-17",0.00844761039074523,0.859227555530775,0.850779945140029
"382","RXRW",1.96850998097255,"15-16",22,529,17.398773006135,1.78104068607147,"terr","RXRW_15-16","RXRW_15-16_22",0.238490212623431,1.78104068607147,1.54255047344804
"383","RXRW",-1.20397280432594,"15-16",-17,889,13,-1.30406026082461,"terr","RXRW_15-16","RXRW_15-16_-17",0.238490212623431,-1.30406026082461,-1.54255047344804
"384","RXWY",1.43270073393405,"15-16",-24,395,3,0.993706634355097,"terr","RXWY_15-16","RXWY_15-16_-24",0.982028492000574,0.993706634355097,0.0116781423545225
"385","RXWY",0.350656871613169,"15-16",64,465,26,0.246129395291688,"terr","RXWY_15-16","RXWY_15-16_64",0.982028492000574,0.246129395291688,-0.735899096708886
"386","RXWY",0.819779831493311,"17-18",31,411,13,0.950449581819967,"terr","RXWY_17-18","RXWY_17-18_31",0.982028492000574,0.950449581819967,-0.031578910180607
"387","RXWY",1.58514521986506,"17-18",44,420,15,1.73782835653555,"terr","RXWY_17-18","RXWY_17-18_44",0.982028492000574,1.73782835653555,0.755799864534971
"388","RXYM",-2.20727491318972,"16-17",44,444,18,-1.63580162891783,"floa","RXYM_16-17","RXYM_16-17_44",-1.63580162891783,-1.63580162891783,0
"389","RXYO",0.500775287912489,"15-16",-3,491,16,0.311648510671922,"terr","RXYO_15-16","RXYO_15-16_-3",0.311648510671922,0.311648510671922,0
"390","RYBX",-1.20397280432594,"16-17",19,442,24,-0.479985461020381,"floa","RYBX_16-17","RYBX_16-17_19",-0.183992255843868,-0.479985461020381,-0.295993205176513
"391","RYBX",-0.430782916092454,"16-17",-13,450,12,0.112000949332645,"floa","RYBX_16-17","RYBX_16-17_-13",-0.183992255843868,0.112000949332645,0.295993205176513
"392","RYOX",-0.82098055206983,"17-18",-23,570,16,-0.501371779306651,"floa","RYOX_17-18","RYOX_17-18_-23",-0.501371779306651,-0.501371779306651,0
"393","WBGX",-1.23787435600162,"15-16",-9,471,17.398773006135,-1.39737329434808,"floa","WBGX_15-16","WBGX_15-16_-9",-1.39737329434808,-1.39737329434808,0
"394","WGBX",-0.994252273343867,"15-16",71,557,45,-0.713472303814664,"terr","WGBX_15-16","WGBX_15-16_71",-0.594398810003559,-0.713472303814664,-0.119073493811105
"395","WGBX",-0.616186139423817,"15-16",-5,624,1,-1.04967108867593,"terr","WGBX_15-16","WGBX_15-16_-5",-0.594398810003559,-1.04967108867593,-0.455272278672375
"396","WGBX",-0.0304592074847086,"16-17",19,405,10,0.411656193529575,"terr","WGBX_16-17","WGBX_16-17_19",-0.594398810003559,0.411656193529575,1.00605500353313
"397","WGBX",-1.56064774826467,"17-18",-14,499,29,-1.02610804105321,"terr","WGBX_17-18","WGBX_17-18_-14",-0.594398810003559,-1.02610804105321,-0.431709231049654
"398","WGGX",0.300104592450338,"16-17",-29,512,1,0.674164415547942,"floa","WGGX_16-17","WGGX_16-17_-29",-0.384164569990758,0.674164415547942,1.0583289855387
"399","WGGX",-0.22314355131421,"17-18",46,489,22,0.0834744922817789,"floa","WGGX_17-18","WGGX_17-18_46",-0.384164569990758,0.0834744922817789,0.467639062272537
"400","WGGX",-1.96611285637283,"17-18",12,573,5,-1.91013261780199,"floa","WGGX_17-18","WGGX_17-18_12",-0.384164569990758,-1.91013261780199,-1.52596804781124
"401","WGPX",0.131028262406404,"15-16",-15,415,7,-0.237897452049099,"terr","WGPX_15-16","WGPX_15-16_-15",1.24437929747275,-0.237897452049099,-1.48227674952185
"402","WGPX",1.69927861643389,"16-17",-21,518,17,2.37203294202986,"terr","WGPX_16-17","WGPX_16-17_-21",1.24437929747275,2.37203294202986,1.12765364455711
"403","WGPX",1.12167756159911,"17-18",-6,417,28,1.59900240243749,"terr","WGPX_17-18","WGPX_17-18_-6",1.24437929747275,1.59900240243749,0.354623104964736
"404","WGRX",0.0295588022415444,"15-16",-10,481,2,-0.422429501650157,"terr","WGRX_15-16","WGRX_15-16_-10",0.0913099192226816,-0.422429501650157,-0.513739420872838
"405","WGRX",1.30291275218084,"16-17",-15,429,5,1.70695837895894,"terr","WGRX_16-17","WGRX_16-17_-15",0.0913099192226816,1.70695837895894,1.61564845973626
"406","WGRX",-1.83258146374831,"16-17",18,503,28,-1.01059911964074,"terr","WGRX_16-17","WGRX_16-17_18",0.0913099192226816,-1.01059911964074,-1.10190903886342
"407","WOOX",-0.693147180559945,"16-17",-17,488,2,-0.325324056585663,"floa","WOOX_16-17","WOOX_16-17_-17",-0.186078133751365,-0.325324056585663,-0.139245922834298
"408","WOOX",-1.96611285637283,"16-17",47,456,14,-1.47251219886755,"floa","WOOX_16-17","WOOX_16-17_47",-0.186078133751365,-1.47251219886755,-1.28643406511619
"409","WOOX",0.536493370514568,"17-18",40,494,42,1.23960185419912,"floa","WOOX_17-18","WOOX_17-18_40",-0.186078133751365,1.23960185419912,1.42567998795049
"410","WOPX",0.350656871613169,"15-16",57,543,36,0.474256159425299,"terr","WOPX_15-16","WOPX_15-16_57",0.649398271492339,0.474256159425299,-0.17514211206704
"411","WOPX",-0.371063681390832,"15-16",-9,519,17.398773006135,-0.515365951458795,"terr","WOPX_15-16","WOPX_15-16_-9",0.649398271492339,-0.515365951458795,-1.16476422295113
"412","WOPX",0.688134638736401,"16-17",-13,449,18,1.34638383997424,"terr","WOPX_16-17","WOPX_16-17_-13",0.649398271492339,1.34638383997424,0.696985568481902
"413","WOPX",0.457424847038875,"16-17",16,961,21,1.29231903802861,"terr","WOPX_16-17","WOPX_16-17_16",0.649398271492339,1.29231903802861,0.642920766536271
"414","WPWX",1.22377543162212,"15-16",-3,499,3,0.786320577446123,"terr","WPWX_15-16","WPWX_15-16_-3",0.219418075815697,0.786320577446123,0.566902501630426
"415","WPWX",1.60341984010854,"15-16",23,422,7,1.17991501931902,"terr","WPWX_15-16","WPWX_15-16_23",0.219418075815697,1.17991501931902,0.960496943503324
"416","WPWX",0.631271776841858,"16-17",35,451,31,1.46927361225782,"terr","WPWX_16-17","WPWX_16-17_35",0.219418075815697,1.46927361225782,1.24985553644213
"417","WPWX",-2.04022082852655,"16-17",-8,474,18,-1.38152975998901,"terr","WPWX_16-17","WPWX_16-17_-8",0.219418075815697,-1.38152975998901,-1.60094783580471
"418","WPWX",0.378436435720245,"16-17",25,440,23,1.07352591875502,"terr","WPWX_16-17","WPWX_16-17_25",0.219418075815697,1.07352591875502,0.854107842939327
"419","WPWX",-0.27443684570176,"17-18",-24,658,3,-0.176333756590776,"terr","WPWX_17-18","WPWX_17-18_-24",0.219418075815697,-0.176333756590776,-0.395751832406474
"420","WPWX",-1.71479842809193,"17-18",8,653,16,-1.41524508048832,"terr","WPWX_17-18","WPWX_17-18_8",0.219418075815697,-1.41524508048832,-1.63466315630402
"421","WPYX",-2.04022082852655,"16-17",-10,474,34,-1.06978871283476,"floa","WPYX_16-17","WPYX_16-17_-10",-0.753668055969825,-1.06978871283476,-0.316120656864935
"422","WPYX",-0.7339691750802,"16-17",12,751,22,0.0597150323121453,"floa","WPYX_16-17","WPYX_16-17_12",-0.753668055969825,0.0597150323121453,0.813383088281971
"423","WPYX",-0.994252273343867,"17-18",6,601,34,-0.360826958198204,"floa","WPYX_17-18","WPYX_17-18_6",-0.753668055969825,-0.360826958198204,0.392841097771621
"424","WPYX",-2.04022082852655,"17-18",-23,447,22,-1.64377158515848,"floa","WPYX_17-18","WPYX_17-18_-23",-0.753668055969825,-1.64377158515848,-0.890103529188656
"425","WRBX",-2.04022082852655,"16-17",-8,410,13,-1.49827692858412,"floa","WRBX_16-17","WRBX_16-17_-8",-0.259514615352042,-1.49827692858412,-1.23876231323208
"426","WRBX",-1.46967597005894,"16-17",25,647,21,-0.74764483276266,"floa","WRBX_16-17","WRBX_16-17_25",-0.259514615352042,-0.74764483276266,-0.488130217410618
"427","WRBX",1.44220199305819,"17-18",7,574,3,1.46737791529066,"floa","WRBX_17-18","WRBX_17-18_7",-0.259514615352042,1.46737791529066,1.7268925306427
"428","WXGM",1.05431202977153,"15-16",-2,429,17.398773006135,0.871053716947902,"terr","WXGM_15-16","WXGM_15-16_-2",1.07242224165924,0.871053716947902,-0.201368524711336
"429","WXGM",0.693147180559945,"15-16",44,429,7,0.240471671360592,"terr","WXGM_15-16","WXGM_15-16_44",1.07242224165924,0.240471671360592,-0.831950570298646
"430","WXGM",0.832909122935104,"16-17",0,528,22,1.57392749611243,"terr","WXGM_16-17","WXGM_16-17_0",1.07242224165924,1.57392749611243,0.501505254453193
"431","WXGM",0.636576829071551,"16-17",54,546,10,1.0710209944865,"terr","WXGM_16-17","WXGM_16-17_54",1.07242224165924,1.0710209944865,-0.00140124717274048
"432","WXGM",0.943905898907128,"17-18",-22,403,13,1.15125735059803,"terr","WXGM_17-18","WXGM_17-18_-22",1.07242224165924,1.15125735059803,0.0788351089387938
"433","WXGM",1.50629715351459,"17-18",41,415,8,1.52680222044997,"terr","WXGM_17-18","WXGM_17-18_41",1.07242224165924,1.52680222044997,0.454379978790737
"434","WXMG",1.58923520511658,"15-16",24,619,17.398773006135,1.42727043759954,"terr","WXMG_15-16","WXMG_15-16_24",0.61288911324374,1.42727043759954,0.814381324355798
"435","WXMG",0.207014169384326,"15-16",-19,393,5,-0.201492211112059,"terr","WXMG_15-16","WXMG_15-16_-19",0.61288911324374,-0.201492211112059,-0.814381324355798
"436","WXO",-1.51412773262978,"15-16",-24,420,14,-1.73294002352135,"terr","WXO_15-16","WXO_15-16_-24",-1.73294002352135,-1.73294002352135,0
"437","WXOY",1.99061032797322,"15-16",58,432,17,1.71092991952187,"terr","WXOY_15-16","WXOY_15-16_58",1.0223022276194,1.71092991952187,0.688627691902474
"438","WXOY",0.482426149244293,"15-16",3,464,19,0.333674535716928,"terr","WXOY_15-16","WXOY_15-16_3",1.0223022276194,0.333674535716928,-0.688627691902473
"439","WXPY",0.215111379616945,"15-16",3,480,36,0.399474132543281,"floa","WXPY_15-16","WXPY_15-16_3",0.399474132543281,0.399474132543281,0
"440","WXW",1.30019166206648,"15-16",49,494,34,1.38164060920735,"terr","WXW_15-16","WXW_15-16_49",0.862692598887912,1.38164060920735,0.518948010319437
"441","WXW",-0.198450938723838,"17-18",-13,406,31,0.343744588568475,"terr","WXW_17-18","WXW_17-18_-13",0.862692598887912,0.343744588568475,-0.518948010319437
"442","WXWM",1.52605630349505,"15-16",59,503,11,1.15157775431803,"terr","WXWM_15-16","WXWM_15-16_59",1.15157775431803,1.15157775431803,0
"443","WXYM",0.779324876800998,"15-16",49,876,18,0.672962154142123,"terr","WXYM_15-16","WXYM_15-16_49",0.466002602069158,0.672962154142123,0.206959552072965
"444","WXYM",-1.10866262452161,"16-17",-17,425,16.0261780104712,-0.490122127060217,"terr","WXYM_16-17","WXYM_16-17_-17",0.466002602069158,-0.490122127060217,-0.956124729129374
"445","WXYM",0.3293037471426,"16-17",59,542,13,0.812899425973265,"terr","WXYM_16-17","WXYM_16-17_59",0.466002602069158,0.812899425973265,0.346896823904107
"446","WXYM",0.470003629245736,"17-18",-13,439,23,0.868270955221459,"terr","WXYM_17-18","WXYM_17-18_-13",0.466002602069158,0.868270955221459,0.402268353152302
"447","WYYX",-0.776528789498996,"15-16",-9,555,17.398773006135,-0.909433558358087,"floa","WYYX_15-16","WYYX_15-16_-9",-0.909433558358087,-0.909433558358087,0
"448","XL",0.60431596685333,"15-16",-9,638,17.398773006135,0.497688770225806,"terr","XL_15-16","XL_15-16_-9",0.572991564917329,0.497688770225806,-0.0753027946915232
"449","XL",1.24415459395877,"15-16",57,502,17,0.988130606232632,"terr","XL_15-16","XL_15-16_57",0.572991564917329,0.988130606232632,0.415139041315303
"450","XL",-0.162518929497775,"16-17",-13,412,5,0.233155318293549,"terr","XL_16-17","XL_16-17_-13",0.572991564917329,0.233155318293549,-0.33983624662378
"451","YAOR",-0.798507696217772,"16-17",10,609,16.0261780104712,-0.162067849803674,"floa","YAOR_16-17","YAOR_16-17_10",-0.162067849803674,-0.162067849803674,0
"452","YBBX",-1.89711998488588,"17-18",-25,773,26,-1.31728285510919,"floa","YBBX_17-18","YBBX_17-18_-25",-1.31728285510919,-1.31728285510919,0
"453","YBWX",-1.23787435600162,"16-17",34,655,33,-0.295198089893458,"floa","YBWX_16-17","YBWX_16-17_34",-0.295198089893458,-0.295198089893458,0
"454","YGPX",0.8754687373539,"16-17",19,459,24,1.60483823400809,"floa","YGPX_16-17","YGPX_16-17_19",0.661335770411924,1.60483823400809,0.943502463596166
"455","YGPX",-1.46967597005894,"16-17",34,662,29,-0.601971478539197,"floa","YGPX_16-17","YGPX_16-17_34",0.661335770411924,-0.601971478539197,-1.26330724895112
"456","YGPX",0.444685821261446,"17-18",-14,566,28,0.981140555766878,"floa","YGPX_17-18","YGPX_17-18_-14",0.661335770411924,0.981140555766878,0.319804785354954
"457","YMBX",1.71379792775834,"15-16",-1,439,21,1.60170381180172,"terr","YMBX_15-16","YMBX_15-16_-1",0.325258885186894,1.60170381180172,1.27644492661482
"458","YMBX",-2.20727491318972,"17-18",-23,416,31,-1.6469672851487,"terr","YMBX_17-18","YMBX_17-18_-23",0.325258885186894,-1.6469672851487,-1.97222617033559
"459","YMBX",0.438254930931155,"17-18",6,502,33,1.02104012890766,"terr","YMBX_17-18","YMBX_17-18_6",0.325258885186894,1.02104012890766,0.695781243720768
"460","YMGX",-0.0618754037180875,"16-17",-13,568,34,0.942800692476302,"floa","YMGX_16-17","YMGX_16-17_-13",0.734236085696233,0.942800692476302,0.208564606780069
"461","YMGX",0.27002713721306,"16-17",34,445,13,0.760278202707658,"floa","YMGX_16-17","YMGX_16-17_34",0.734236085696233,0.760278202707658,0.0260421170114251
"462","YMGX",0.364643113587909,"17-18",-14,456,9,0.499629361904738,"floa","YMGX_17-18","YMGX_17-18_-14",0.734236085696233,0.499629361904738,-0.234606723791495
"463","YMPX",-2.12026353620009,"15-16",49,908,9,-2.39016804627611,"terr","YMPX_15-16","YMPX_15-16_49",-0.510712939442576,-2.39016804627611,-1.87945510683354
"464","YMPX",1.11185751541813,"15-16",-7,458,24,1.07263739077043,"terr","YMPX_15-16","YMPX_15-16_-7",-0.510712939442576,1.07263739077043,1.58335033021301
"465","YMPX",-1.27296567581289,"16-17",-9,404,28,-0.441971913914845,"terr","YMPX_16-17","YMPX_16-17_-9",-0.510712939442576,-0.441971913914845,0.0687410255277314
"466","YMPX",-2.30258509299405,"16-17",47,465,8,-1.92191699325509,"terr","YMPX_16-17","YMPX_16-17_47",-0.510712939442576,-1.92191699325509,-1.41120405381251
"467","YMPX",0.647103242058538,"17-18",-29,624,23,1.12785486546274,"terr","YMPX_17-18","YMPX_17-18_-29",-0.510712939442576,1.12785486546274,1.63856780490532
"468","YMWX",0.3293037471426,"15-16",3,476,23,0.261539256063887,"terr","YMWX_15-16","YMWX_15-16_3",-0.274293083834029,0.261539256063887,0.535832339897916
"469","YMWX",-0.994252273343867,"15-16",58,617,38,-0.810125423731944,"terr","YMWX_15-16","YMWX_15-16_58",-0.274293083834029,-0.810125423731944,-0.535832339897916
"470","YMYX",-1.6094379124341,"15-16",42,471,29,-1.62129335666698,"floa","YMYX_15-16","YMYX_15-16_42",-1.62129335666698,-1.62129335666698,0
"471","YOBX",-2.40794560865187,"17-18",-31,642,18.9785714285714,-1.99610747128794,"floa","YOBX_17-18","YOBX_17-18_-31",-1.04146585061277,-1.99610747128794,-0.954641620675174
"472","YOBX",-0.210721031315653,"17-18",33,460,12,-0.0868242299375934,"floa","YOBX_17-18","YOBX_17-18_33",-1.04146585061277,-0.0868242299375934,0.954641620675174
"473","YOGX",0.104360015324243,"16-17",-8,447,23,0.850987902178917,"terr","YOGX_16-17","YOGX_16-17_-8",1.17933307992844,0.850987902178917,-0.328345177749519
"474","YOGX",0.683096844706444,"16-17",25,643,18,1.34597062644525,"terr","YOGX_16-17","YOGX_16-17_25",1.17933307992844,1.34597062644525,0.16663754651681
"475","YOGX",0.76080582903376,"16-17",35,578,21,1.44604562748901,"terr","YOGX_16-17","YOGX_16-17_35",1.17933307992844,1.44604562748901,0.266712547560576
"476","YOGX",0.350656871613169,"17-18",-25,827,20,0.831808320134631,"terr","YOGX_17-18","YOGX_17-18_-25",1.17933307992844,0.831808320134631,-0.347524759793805
"477","YOGX",1.32175583998232,"17-18",17,675,6,1.42185292339437,"terr","YOGX_17-18","YOGX_17-18_17",1.17933307992844,1.42185292339437,0.242519843465938
"478","YOX",0.0676586484738149,"15-16",-19,524,20,-0.00991865884115226,"terr","YOX_15-16","YOX_15-16_-19",-0.00991865884115226,-0.00991865884115226,0
"479","YWOX",-1.71479842809193,"16-17",-30,434,22,-0.958701812387914,"floa","YWOX_16-17","YWOX_16-17_-30",-0.958701812387914,-0.958701812387914,0
"480","YXBG",0.198850858745165,"15-16",-14,846,1,-0.150897984347284,"terr","YXBG_15-16","YXBG_15-16_-14",0.242408597234349,-0.150897984347284,-0.393306581581633
"481","YXBG",1.86252854011626,"15-16",35,497,3,1.36764520430404,"terr","YXBG_15-16","YXBG_15-16_35",0.242408597234349,1.36764520430404,1.12523660706969
"482","YXBG",-1.96611285637283,"16-17",-23,887,28,-0.961278040455453,"terr","YXBG_16-17","YXBG_16-17_-23",0.242408597234349,-0.961278040455453,-1.2036866376898
"483","YXBG",0.207014169384326,"17-18",-16,464,28,0.714165209436092,"terr","YXBG_17-18","YXBG_17-18_-16",0.242408597234349,0.714165209436092,0.471756612201743
"484","YXBW",1.1314021114911,"15-16",-22,501,13,0.915947983836596,"terr","YXBW_15-16","YXBW_15-16_-22",0.915947983836596,0.915947983836596,0
"485","YXBY",-2.30258509299405,"16-17",-26,476,26,-1.4619818884436,"terr","YXBY_16-17","YXBY_16-17_-26",0.0422190010250146,-1.4619818884436,-1.50420088946861
"486","YXBY",1.39871688111845,"16-17",10,499,13,1.94193490608401,"terr","YXBY_16-17","YXBY_16-17_10",0.0422190010250146,1.94193490608401,1.899715905059
"487","YXBY",-0.867500567704723,"17-18",-15,491,28,-0.353296014565372,"terr","YXBY_17-18","YXBY_17-18_-15",0.0422190010250146,-0.353296014565372,-0.395515015590386
"488","YXGG",1.46093790411566,"15-16",-22,518,16,1.30875689634406,"floa","YXGG_15-16","YXGG_15-16_-22",1.30875689634406,1.30875689634406,0
"489","YXGP",0.405465108108164,"15-16",35,579,31,0.476858434924902,"floa","YXGP_15-16","YXGP_15-16_35",0.370896047961535,0.476858434924902,0.105962386963367
"490","YXGP",-0.693147180559945,"15-16",-15,599,29,-0.579285245363225,"floa","YXGP_15-16","YXGP_15-16_-15",0.370896047961535,-0.579285245363225,-0.95018129332476
"491","YXGP",-0.916290731874155,"16-17",-24,538,13,-0.309908578083961,"terr","YXGP_16-17","YXGP_16-17_-24",0.370896047961535,-0.309908578083961,-0.680804626045496
"492","YXGP",-0.0512932943875506,"16-17",22,649,20,0.656557887032785,"terr","YXGP_16-17","YXGP_16-17_22",0.370896047961535,0.656557887032785,0.28566183907125
"493","YXGP",1.10856261952128,"17-18",12,518,29,1.61025774129717,"terr","YXGP_17-18","YXGP_17-18_12",0.370896047961535,1.61025774129717,1.23936169333564
"494","YXGR",-0.446287102628419,"17-18",25,448,17,-0.217747621543646,"terr","YXGR_17-18","YXGR_17-18_25",0.638061712482265,-0.217747621543646,-0.855809334025912
"495","YXGR",1.48613969608961,"17-18",36,412,7,1.49387104650818,"terr","YXGR_17-18","YXGR_17-18_36",0.638061712482265,1.49387104650818,0.855809334025912
"496","YXGW",-2.04022082852655,"16-17",-29,482,4,-1.61776795656874,"floa","YXGW_16-17","YXGW_16-17_-29",-1.61776795656874,-1.61776795656874,0
"497","YXMB",-0.693147180559945,"15-16",-10,574,26,-0.652564207387892,"floa","YXMB_15-16","YXMB_15-16_-10",0.22866920706685,-0.652564207387892,-0.881233414454742
"498","YXMB",0.412109650826833,"16-17",-13,452,20,1.10990262152159,"floa","YXMB_16-17","YXMB_16-17_-13",0.22866920706685,1.10990262152159,0.881233414454742
"499","YXMG",-0.616186139423817,"15-16",-11,609,17.398773006135,-0.729005430831461,"terr","YXMG_15-16","YXMG_15-16_-11",-0.729005430831461,-0.729005430831461,0
"500","YXMR",-1.38629436111989,"15-16",-9,511,17.398773006135,-1.53312940923427,"floa","YXMR_15-16","YXMR_15-16_-9",-1.53312940923427,-1.53312940923427,0
"501","YXMW",-2.04022082852655,"17-18",40,563,23,-1.68190992224205,"floa","YXMW_17-18","YXMW_17-18_40",-1.68190992224205,-1.68190992224205,0
"502","YXMY",0.683096844706444,"15-16",-24,384,9,0.356402108382214,"floa","YXMY_15-16","YXMY_15-16_-24",0.356402108382214,0.356402108382214,0
"503","YXOB",-1.71479842809193,"16-17",18,418,21,-1.05480577264082,"floa","YXOB_16-17","YXOB_16-17_18",-1.05480577264082,-1.05480577264082,0
"504","YXOG",1.82616089594539,"15-16",12,412,7,1.41593084360761,"terr","YXOG_15-16","YXOG_15-16_12",1.41593084360761,1.41593084360761,0
"505","YXOR",-0.994252273343867,"16-17",-17,425,2,-0.646374776485111,"floa","YXOR_16-17","YXOR_16-17_-17",-1.3331595358193,-0.646374776485111,0.686784759334191
"506","YXOR",-2.40794560865187,"16-17",44,474,8,-2.01994429515349,"floa","YXOR_16-17","YXOR_16-17_44",-1.3331595358193,-2.01994429515349,-0.686784759334191
"507","YXPW",-1.89711998488588,"16-17",-21,482,8,-1.40943606010159,"floa","YXPW_16-17","YXPW_16-17_-21",-0.147280827004919,-1.40943606010159,-1.26215523309667
"508","YXPW",0.350656871613169,"17-18",-16,423,22,0.729045491108511,"floa","YXPW_17-18","YXPW_17-18_-16",-0.147280827004919,0.729045491108511,0.87632631811343
"509","YXPW",-0.23572233352107,"17-18",13,558,27,0.238548087978323,"floa","YXPW_17-18","YXPW_17-18_13",-0.147280827004919,0.238548087978323,0.385828914983243
"510","YXPY",1.07840958135059,"15-16",57,533,16,0.81290311970956,"floa","YXPY_15-16","YXPY_15-16_57",0.81290311970956,0.81290311970956,0
"511","YXWR",0.770108221696074,"15-16",-5,708,6,0.45970238615511,"terr","YXWR_15-16","YXWR_15-16_-5",0.5684010323374,0.45970238615511,-0.108698646182289
"512","YXWR",-0.653926467406664,"15-16",71,478,17,-0.938473368739016,"terr","YXWR_15-16","YXWR_15-16_71",0.5684010323374,-0.938473368739016,-1.50687440107642
"513","YXWR",0.708035793053696,"16-17",-11,419,26,1.50817376173739,"terr","YXWR_16-17","YXWR_16-17_-11",0.5684010323374,1.50817376173739,0.939772729399993
"514","YXWR",0.350656871613169,"16-17",19,429,33,1.24420135019611,"terr","YXWR_16-17","YXWR_16-17_19",0.5684010323374,1.24420135019611,0.675800317858712
"515","YXWW",1.00795792039998,"16-17",8,414,26,1.77811525924235,"floa","YXWW_16-17","YXWW_16-17_8",1.06464636267755,1.77811525924235,0.713468896564807
"516","YXWW",0.978326122793608,"16-17",-29,414,18,1.64940822518348,"floa","YXWW_16-17","YXWW_16-17_-29",1.06464636267755,1.64940822518348,0.584761862505938
"517","YXWW",0.810930216216329,"17-18",-20,406,3,0.82327234558893,"terr","YXWW_17-18","YXWW_17-18_-20",1.06464636267755,0.82327234558893,-0.241374017088616
"518","YXWW",-0.400477566597125,"17-18",14,659,22,0.00778962069541678,"terr","YXWW_17-18","YXWW_17-18_14",1.06464636267755,0.00778962069541678,-1.05685674198213
"519","YXYG",-1.89711998488588,"17-18",-17,444,17,-1.60707315442341,"floa","YXYG_17-18","YXYG_17-18_-17",-1.60707315442341,-1.60707315442341,0
"520","YXYM",-0.2484613592985,"15-16",39,948,39,0.0881538143909583,"terr","YXYM_15-16","YXYM_15-16_39",0.0881538143909583,0.0881538143909583,0
"521","YXYO",0.883767540168595,"15-16",44,574,23,0.785750454576645,"terr","YXYO_15-16","YXYO_15-16_44",0.128362742265561,0.785750454576645,0.657387712311084
"522","YXYO",0.00995033085316809,"15-16",-2,572,17.398773006135,-0.128034574390772,"terr","YXYO_15-16","YXYO_15-16_-2",0.128362742265561,-0.128034574390772,-0.256397316656333
"523","YXYO",-2.04022082852655,"16-17",-30,512,15,-1.39450854878328,"terr","YXYO_16-17","YXYO_16-17_-30",0.128362742265561,-1.39450854878328,-1.52287129104885
"524","YXYO",0.883767540168595,"16-17",0,564,2,1.25024363765965,"terr","YXYO_16-17","YXYO_16-17_0",0.128362742265561,1.25024363765965,1.12188089539409
