"","MEcyan","MEmediumpurple3","MEblack","MEdarkturquoise","MEhoneydew1","MEplum1","MEdarkgrey","MEsienna3","MEyellowgreen","MEnavajowhite2","MEyellow","MEpaleturquoise","MEbisque4","MEdarkmagenta","MEdarkseagreen4","MEpurple","MEtan","MEivory","MEviolet","MEdarkolivegreen","MEdarkorange2","MEgrey"
"PFT1_AH_run2",0.0304945350567341,0.00767088155933231,-0.0678541400909885,-0.0827956536027247,0.1416263056095,-0.054721784348559,-0.00643256184699522,-0.0129803578229503,0.0369351994363202,0.0706881891322755,-0.0738408072817272,0.125778473752822,0.0306502068116713,-0.0414558064325208,-0.0640982851565745,-0.0234651704751766,0.0146702237028091,0.0560449720628471,0.00215033132678144,0.00818382619469806,-0.121522308352188,0.0554291127381292
"PFT1_AI_run1",0.0581395081749232,0.157929342679354,0.109500775382745,0.039598027760368,0.152325172271133,0.0378660283258736,0.101063481818443,0.172635142215801,-0.146629445964167,-0.0945700833058238,-0.119804925516416,-0.0678327720362406,0.00673929918256999,-0.0493900974549185,-0.0291134923646028,-0.0521007081727856,-0.136266575174064,-0.123265880619611,0.0054368052559256,-0.0837770604676312,-0.152840803589887,0.0819588485457666
"PFT1_BSTm_run2",-0.047628096655108,-0.0493338769921963,-0.0726905394988663,-0.0658711254594544,0.112195426240384,-0.0509889268308939,0.067258707857807,-0.00965082095240311,0.0630083798059879,0.00554545199743128,-0.0516995925299993,0.11558157908702,0.0631720451274499,0.0784475859238736,-0.027223161209496,-0.0527673675456882,-0.0449902033104055,0.032193357409632,0.0201744086490064,-0.170968080107076,-0.167289765805538,0.0565581563675473
"PFT1_GCT_run2",0.0667676184699018,-6.33321128001574e-05,0.19796593206245,0.228299968658022,0.0603292718586718,-0.0139732834803109,-0.123802769167123,-0.110946130537338,-0.0411096760013636,-0.0788662367464602,0.0131778578327321,-0.114201370387424,-0.202268660121356,-0.0659430309937735,0.0812251115025957,0.214452526648421,0.103159143659687,0.0510952625915097,0.122898650892262,0.00715682366823887,-0.0386429387155138,0.115089435458523
"PFT1_ICO_run2",0.145335754025771,0.0464686902591796,0.155917711280263,0.0575881123636091,0.0875853249757187,-0.0272669558187105,-0.0860986576550585,-0.0519670466730915,-0.00760585635566332,-0.0580267391220563,-0.110186819887796,-0.117887385210277,-0.149356061870333,-0.0710362620562008,0.268756991075767,0.151418409818637,0.0559022384271723,-0.010284442088413,0.0693164649177506,-0.0117954975961089,-0.059891206431423,0.0687623083044741
"PFT1_LS_run2",-0.219750264961081,-0.229901370603951,-0.0643782900509194,0.0882500229234225,0.168524160908029,-0.0474207187550157,0.149688169431129,-0.0340149381398456,0.164323689677218,-0.0636373623903232,0.0509351140315706,0.0987243982343507,0.126276837720133,0.266744111918181,-0.0130427654178876,-0.107808562601262,-0.0882260431882963,-0.0315451599429382,-0.0102813386037225,-0.103883257575548,-0.163260436082505,0.0812287037901595
"PFT1_POM_run1",-0.00443172252894427,-0.0473495396951986,-0.0922101414609443,0.00735537867937403,0.122082332979639,-0.0363129173710994,-0.0771407657178883,-0.0496933188496928,0.061924958541255,0.116086399948228,0.0781991953073335,0.0174727115145922,0.0236712849630668,-0.0199901079256565,-0.0629452796573923,0.0101216440485048,0.0882990562271663,0.0126371331776793,-0.0811270507192223,-0.14175794687083,-0.0800814466858717,0.0649149122963474
"PFT1_PVN_run2",0.0539479483058037,-0.0284982965247462,-0.0385188310275523,0.0611082861102666,0.123470804485895,-0.0513126828109538,-0.103346397304066,-0.0461241143166592,0.039315399146928,0.122702141513584,0.158581962063343,-0.0423606666229482,0.00534189248891315,-0.0509069340891257,-0.0590125493752381,-0.0137113470267891,0.0999891472246843,-0.025282605651109,-0.116889505818222,0.101737920023694,-0.0371749946788258,0.0886444226261453
"PFT1_VMH_run1",0.0619792929963306,0.00617151904261025,-0.0504568497151421,-0.0387324661835842,0.104180724947881,-0.0498462731740736,-0.070657631631184,-0.0396415960549622,0.0328813042345597,0.113507431504341,0.0635249478421116,0.00801985180072175,0.00355984353339122,-0.0454096468543939,-0.0189397001141742,0.00728220183817541,0.0785673821632439,0.00944796729767149,-0.0340804031582683,-0.151111491631548,-0.0649498075377767,0.0589977479302829
"PFT10_AH_run2",-0.0057282693178724,-0.00552272294498045,-0.0375586687023203,-0.0457713696261396,-0.157174095609207,-0.0386851919752639,-0.0312732041712641,-0.0747540147523904,0.00678068245376856,0.0155373226594711,-0.0952335354174022,0.129390527682943,-0.051316376227394,-0.0460551428430188,-0.0538151639306857,0.0616713897832488,0.0390683400204754,0.148525376106224,0.0979707044003465,0.258103028276541,0.0468516635881769,0.119135746919712
"PFT10_AI_run1",0.0332317120938249,0.171395494971473,0.0556075815048911,0.0266214771069154,-0.0816541116582982,0.0295920456830317,0.139611673173562,0.201748584332792,-0.150777009858893,-0.101963371282184,-0.131225779285375,-0.0468528504610351,0.0695397011995409,-0.0606396307017016,-0.0459040117496278,-0.104270560509106,-0.170784224129771,-0.129599446843155,-0.0140853813021059,-0.0483314995273202,-0.00715059766682905,0.0987692576199778
"PFT10_BSTm_run2",-0.0140552629145146,-0.0196676282057643,-0.045420247422394,0.0228300983342348,-0.136393064357943,-0.0324815970134667,0.0206147363672539,0.020518456308876,0.0460217848725153,0.0285232516725064,0.00441609869343078,-0.0473203243836186,0.0722835132222659,0.0160172014940577,-0.0196499737483818,-0.0438745887566012,-0.0278568267235765,-0.0718643108208073,-0.0899518484782092,0.053678097909088,0.0308831950740098,0.120401416585973
"PFT10_GCT_run1",0.102284444839544,0.0448334403241464,0.160609113177755,0.00585143753113786,-0.183412673509333,-0.00752253661713494,-0.086534670458308,-0.0783376173973112,-0.0332777971988589,-0.0798867451329632,-0.0865362184322066,-0.0872665290435423,-0.178055981161108,-0.0647208319123162,0.109606414621815,0.186270317766557,0.0741301937066791,0.0717011450802297,0.153440118174135,0.0812451103824778,0.111890668727593,0.0821582854528358
"PFT10_ICO_run1",0.131887996713208,0.0485437170508372,0.113565551977761,0.00957614698282372,-0.142094187136406,-0.0176261981830895,-0.0769136303894516,-0.0421553771801998,-0.00822913985166401,-0.045747762752599,-0.0777260764046848,-0.112983838681074,-0.12281336068087,-0.0646951891553536,0.271552522634181,0.118851148367103,0.0495511400243406,-0.00491713637939075,0.046298948088772,0.145303850037938,0.113205576290517,0.074469115142942
"PFT10_LS_run2",-0.232776250207849,-0.225589917017574,-0.0988846417548683,-0.0311108185120099,-0.120969524353404,-0.0455316061513668,0.176983627576271,-0.0306392061067362,0.165335390921306,-0.0775725577890888,0.0176646369049809,0.16941094208797,0.14049850262223,0.265946422795832,-0.0121443171943789,-0.124103445160387,-0.110300612305363,0.019623642790019,0.0212027173206057,0.0807448933248654,-0.0242444305866271,0.105958196618959
"PFT10_POM_run1",0.0264298943709698,-0.0285282674006166,-0.0664470101768904,0.0200648875137825,-0.1056426546643,-0.0395382871754452,-0.0724347447562146,-0.0274577933738894,0.05813087177571,0.135002476942103,0.0514211422570986,-0.0463724092273804,0.0497405211201869,-0.025727220160475,-0.0569342468285376,-0.0235628068422913,0.0749272630440379,-0.0361835135334702,-0.120677164246997,0.133169230593655,0.0872858393405316,0.1042320902903
"PFT10_PVN_run2",0.0299455363254858,-0.0137620663616445,-0.0720202140829097,-0.0391844301475879,-0.161671434788931,-0.0387728042964801,-0.0715375838235672,-0.0621833483911914,0.0317876389833309,0.101062795272307,0.152049252427814,0.0502466943915955,-0.00108471488076458,-0.0439875855560224,-0.0359910033085887,-0.0106283378308903,0.0921824025602273,0.0809520294574236,-0.014625010916272,0.0435270608056874,0.113029553998378,0.07494456890473
"PFT10_TNA_run1",-0.0985695255847469,0.0702551396412123,0.0830462944082433,0.138825757918771,-0.105386739615338,0.315862093193923,0.101792925466811,0.156296513194697,-0.178140769081518,-0.129517064348957,-0.105120662654081,-0.0567849722214523,0.0029203666584526,0.0368851349475036,-0.0854060988768183,-0.0717390612915721,-0.13963453810412,-0.0856227397811446,0.0162294861891848,0.0946215618612106,0.0290262412492594,0.0869188899326189
"PFT10_VMH_run1",0.11146741800855,0.0192197732031774,0.0432385581722195,0.18926354857752,-0.100885247273203,-0.0356676935351498,-0.0967556620169513,0.0071485681569485,-0.0116424784606263,0.117956144324958,0.0427201814445514,-0.13774744527702,-0.00451668475361653,-0.0800294909770039,-0.0289527867663245,-0.0121241692238918,0.0426361889788116,-0.106659339046414,-0.150090156019015,0.246776727890818,0.104949632307054,0.125809640200026
"PFT11_AH_run2",-0.00799915900587992,-0.0116340674084817,-0.0923965359454998,-0.119300520014913,0.00739875267548093,-0.0485917633470369,0.00261582699254721,-0.0297887978498631,0.0335577012347038,0.0536687691746178,-0.0755923239559926,0.11247105985809,0.0341324510741627,-0.0148285465695017,-0.0429639194516635,-0.0163054745865165,-0.000546681440391127,0.0608543271942964,-0.00276016314898956,0.233720827518167,0.0635535865848861,-0.0756345303365501
"PFT11_AI_run1",0.0462229329995298,0.190248825761851,0.0829738572640511,-0.0152669175487707,0.0637743676983508,0.0377088044550644,0.137126669005625,0.209489994096789,-0.151664567806787,-0.103106084487918,-0.132164491652726,-0.0765566718776699,0.0511934867952101,-0.0531397401118377,-0.0371693890958339,-0.0856209227317337,-0.173351540829314,-0.148381031019562,-0.0111500920961264,-0.0329232031236503,0.0114449942131957,-0.0634531144054449
"PFT11_BSTm_run2",-0.076092833434163,-0.0572661499359403,-0.118170693005092,-0.154706681144779,-0.0127785115908663,-0.0416628222612522,0.0483902556345786,-0.0156441901441243,0.0616540960114546,0.00692928317342032,0.0154726603719608,0.107519626349098,0.058552631722265,0.0522021500955633,-0.00974722638684703,-0.0540124333364073,-0.0359252137952234,0.0359427281785746,-0.0205778037679045,0.0342266404375773,0.0178180128902508,-0.0672258131304184
"PFT11_GCT_run1",0.0752235162227601,0.0343268488495483,0.130906643140864,-0.025671673462247,-0.0591440619136641,-0.00269250836858292,-0.0905668207820599,-0.0799261874068267,-0.0324554821215415,-0.0745431641767868,-0.0216693531429292,-0.0824311268595476,-0.169434992177745,-0.0553610879468975,0.123828503911891,0.168633663620786,0.0742123985514346,0.0632306691832408,0.12898910557022,0.0182041022166744,0.10220890306375,-0.0813750977409734
"PFT11_ICO_run2",0.0589576182679423,0.0305063221317948,0.0257202298204332,-0.179820825231922,-0.0192683094555991,-0.0353307565198376,-0.0308262229925615,-0.076285182231384,-0.00168566324485524,-0.0622108571888888,-0.111461093005965,0.109767690569603,-0.125732713083461,-0.051062521442123,0.249494521161447,0.100103234389846,0.0390628803608546,0.158122166250889,0.177150471488185,0.0710148261145772,0.0783754907676401,-0.0999510862649734
"PFT11_LS_run2",-0.245528506398438,-0.233550880616544,-0.0502416176181899,-0.00270775582388557,0.0308133411740247,-0.035652894530652,0.201451106204621,-0.0329340814571653,0.168284546930244,-0.117222264409566,-0.063472170217392,0.152962827128711,0.114882356686326,0.301698056546113,0.0130879704276447,-0.105774228013135,-0.130117795029534,0.0202075038829217,0.0540795935168813,0.0754224892717974,0.0251829568690925,-0.0670126711819823
"PFT11_POM_run1",0.00806958873486513,-0.0355919183851572,-0.102134533669952,-0.0735708344200871,0.00502431665777953,-0.0344950563853767,-0.0803761302135261,-0.0312422895988674,0.0820549429044407,0.136034202936448,0.074093168864162,-0.0337349399381309,0.0537093178365367,-0.0183111835961688,-0.0583402721861033,-0.0120056858062465,0.0829896437358585,-0.0304963549867943,-0.140262180625527,0.074234236665927,0.118305057328615,-0.0956244494695892
"PFT11_PVN_run2",0.0444554219216826,-0.0196604431397401,-0.0562828379912921,0.0516760625988259,0.00619362938937049,-0.0409612301248999,-0.0972420339433438,-0.0412043567883403,0.0501089202707186,0.120947395577598,0.142733277389133,-0.0406741055294375,0.0138901545269247,-0.0404715746693735,-0.0319700561255471,-0.0103857594929215,0.100837914620194,-0.00818198125118194,-0.11386806390404,0.0104057316704437,0.156133573864139,-0.0527331289184069
"PFT11_TNA_run1",-0.0936826873951198,0.0790339349942337,0.102537096025634,0.118228979792034,0.0321272223328005,0.333032209835718,0.10395398074682,0.158314954401497,-0.18032501591761,-0.13360138644117,-0.109403103701431,-0.0759033728967273,-0.0116232479148015,0.0546815613598138,-0.0737866860128689,-0.0609302599406795,-0.139483779190149,-0.111960655634111,-9.59031970955117e-05,0.100161697049238,0.0732596963064416,-0.104407213062416
"PFT11_VMH_run1",0.066632638541466,0.0236022258515276,-0.0786681973762284,-0.125493672867819,0.0117224109441739,-0.0439366642083539,-0.0477788142058913,0.0175388949021307,0.0250359893138756,0.127107861761568,0.055707542259562,-0.054892077675909,0.063022707099461,-0.0522398383823589,-0.0380221149479046,-0.0274433080608698,0.0272303149409316,-0.0576712318425829,-0.120426619949022,0.0418762039260733,0.0932853175291337,-0.0933578619778026
"PFT12_AH_run2",0.0690733140362852,0.0307206272833026,0.00809381639755649,0.0219334648124199,-0.0787176546568042,-0.0309596189794108,-0.0636766943993972,-0.0205317549838744,0.0200306376915688,0.0455239364940883,-0.0810627303637233,-0.0854288710459062,-0.0117087736896301,-0.0456529819605049,-0.0279425284727133,0.0695886456923629,0.0472016152577397,-0.0213924456671656,-0.0477067550052965,-0.0388036346090709,0.0859371241461296,-0.12121650580796
"PFT12_AI_run1",0.05713259053185,0.198965127455097,0.0829053948847768,0.076872059434091,0.0203550884730471,0.0263717813388844,0.133541243687912,0.227824180117255,-0.160684540787411,-0.0985152469859942,-0.126433786471982,-0.111699822904198,0.0809163810292705,-0.0664629046767257,-0.0487548131825757,-0.111233635961396,-0.178373262807953,-0.18529051300913,-0.0578560289414214,-0.102955854043992,0.0238504553476971,-0.130434735652016
"PFT12_BSTm_run2",-0.0933066172352288,-0.0826337259169399,-0.0955908326063906,-0.0538204070981424,-0.0613111422968959,-0.0334462580571301,0.0550866366481709,-0.0170491283044439,0.0725742781755349,-0.00408168060982415,0.0334547028633958,0.0508317817012052,0.0707186659331403,0.099216857562206,-0.0190769706271926,-0.0580444327024193,-0.0338378929975557,0.00398798230358729,-0.0400327696656,-0.000765293903769033,0.0239448652283792,-0.12017489873462
"PFT12_GCT_run1",0.0802686999060531,0.0222493755373145,0.143036034858044,0.0503494722347891,-0.108691056849452,-0.0134340582333766,-0.106019355583029,-0.0898237118970372,-0.03168048511728,-0.0773157522396815,0.00122328444601529,-0.0968844498314331,-0.175004037721221,-0.0551439787205686,0.10490708906096,0.176785551705341,0.0854437496065591,0.0619342708966761,0.124446675991529,0.0116741908315156,0.122135578571695,-0.126465687786709
"PFT12_ICO_run1",0.0705532134750335,0.0158090649860457,0.0479780837106454,-0.0249546320497186,-0.0868728587154082,-0.0274540161221251,-0.0735557649658045,-0.0641340503818602,0.00263431653885228,-0.0390181873541702,0.0612538194914573,-0.059519848208226,-0.0982414758405999,-0.0452400169589392,0.241675644246297,0.0930010080733923,0.0601340753555324,0.0404311492714173,0.0561798303813546,-0.0765608877806131,0.10662732884782,-0.113764671808224
"PFT12_LS_run2",-0.217036231294625,-0.162877888094628,-0.118279438445533,-0.0483186024799075,-0.0506206493536929,-0.0464178722408725,0.161568655073324,-0.024344928347049,0.137068586088658,-0.0780277333210039,0.081841361315691,0.174956796893424,0.123861352776711,0.235751263194944,-0.0166322312683694,-0.117862963845872,-0.100345576394728,0.0287277904650241,0.0302757082033605,-0.0424242071410804,0.00654856704898411,-0.101052580883104
"PFT12_POM_run1",0.0183898558814704,-0.0303361049186326,-0.0920198020727585,-0.00880089376400272,-0.0614776219296165,-0.0325142927592355,-0.0775926647466935,-0.0298704583623975,0.0763929365035621,0.14346937956618,0.0863344262021168,-0.031480138426001,0.0559266754940703,-0.0166806706141518,-0.0531489383475255,-0.0235347462816717,0.0898766072506888,-0.0197461368087799,-0.12666761700567,0.0182159272874834,0.0968927164751213,-0.0868603755181862
"PFT12_PVN_run2",0.0703494355593693,-0.000547648785595029,-0.033274583134692,0.0428496077559755,-0.0753696704504191,-0.040938628463621,-0.0998887232661856,-0.0384282314075705,0.0323072669849786,0.111967445807203,0.161134225494895,-0.0745296877796535,0.00978971287705221,-0.0482164509464397,-0.0296792957468919,-0.00255999151877723,0.101000670973562,-0.0179125998830074,-0.105091656761665,-0.0172719704039014,0.155341476371523,-0.070559735896306
"PFT12_TNA_run1",-0.0746328600901381,0.0829952560165035,0.0807945000078628,0.15348170250088,-0.0155939152280378,0.288194786415218,0.088713737253768,0.161055128173729,-0.168323232187777,-0.115108312404179,-0.093812927634013,-0.0962344582875982,0.019715044920204,0.0333451561402761,-0.0745638695759542,-0.0819672562913077,-0.132690116960877,-0.119477738455223,-0.0429861969622903,0.0270916014306698,0.0680927845303604,-0.140478223432507
"PFT12_VMH_run1",0.101833592585889,0.0251006142624941,-0.0216684468892695,0.0344759442329539,-0.0338601510401846,-0.0473391929825343,-0.0807935889495162,0.00641865781984612,0.0204000229410237,0.130696257081855,0.0586910231262479,-0.116758740050258,0.0352314976346423,-0.0593365758029212,-0.0221496267698415,-0.0183256900598297,0.0502759779611607,-0.0899955553514731,-0.141419155636978,0.0514052381603549,0.1216630088296,-0.106612384465464
"PFT2_AH_run2",0.0751841138845354,0.0224537153058329,0.0611654200700673,0.036491877447179,0.0908507516028449,-0.0205661519866214,-0.0732714587953,-0.0305149246548427,0.00758524720182935,0.0273899986897753,-0.0862457469607032,-0.090602772254121,-0.0526748486815643,-0.0526076181980972,-0.0381230016844528,0.113037053748077,0.0582489043015305,-0.0227575292193934,-0.0252463693024329,0.0131180455964692,-0.165080711886257,0.215427111194591
"PFT2_AI_run1",0.0341836535016321,0.169063258262616,0.077265469121964,0.00785548669001015,0.15110972106792,0.0148165698448183,0.140331853633162,0.195624106650123,-0.146924897994828,-0.0982875953074063,-0.122313856707868,-0.0344548644962904,0.0638338826731796,-0.0661524801312655,-0.0523565214752695,-0.101308097003595,-0.164895776311417,-0.143735080094157,-0.000732617735365699,-0.0926760866126503,-0.227862235675739,0.227280003452479
"PFT2_BSTm_run2",0.0194036245834011,-0.0133284681891853,-0.0157289556347853,0.026340305503117,0.13092528943553,-0.040235414219424,0.00586230302904234,0.0161183288345446,0.0342663582650918,0.0279994064247694,-0.0722317077167933,-0.0703777128468394,0.0567452511455871,0.0112729433320693,-0.0192861859732677,-0.0186626555510922,-0.0245621860000535,-0.0978790743247242,-0.0872385874114184,-0.104323151858499,-0.200267476954447,0.229394175115396
"PFT2_GCT_run1",0.0642398438869948,0.0156978434948658,0.148838814790769,0.0271512757548568,0.0244441833750081,-0.0158120928278364,-0.0929991975348037,-0.110542063394079,-0.0388410948406149,-0.0772718707231635,-0.0135732950608615,-0.0281212584002041,-0.188570687897187,-0.0618348156153846,0.0873961528033271,0.202123608375151,0.0945260664673332,0.121126482381009,0.204697131218519,-0.0659336594704443,-0.118324896193525,0.217426457008511
"PFT2_ICO_run1",0.153447125747673,0.0367127902024489,0.199793496598076,0.203594023758333,0.141674621329669,-0.0268213366383684,-0.098824164841046,-0.0582629918428827,-0.0372386756157935,-0.0505440295210604,-0.0916416886111276,-0.100195260248048,-0.173310398024717,-0.0811702230075904,0.252666532614105,0.129309530657634,0.0689928580123191,-0.00155793921835936,0.0715269778826199,0.0914887573775255,-0.0711360677680831,0.259724179902007
"PFT2_LS_run2",-0.151954081285797,-0.202679586598468,-0.0558418670478852,0.0937572856115793,0.142341962916975,-0.0398856582230295,0.0570873865919806,-0.0219320834847532,0.146461553902506,-0.011171270621538,0.154741252381711,-0.0593746165866381,0.131563044599774,0.195673899587898,-0.0168410910860747,-0.0826080620786839,-0.0333842354487925,-0.12606684763647,-0.13149029915381,-0.0259344238526267,-0.200576504694156,0.201191735337891
"PFT2_PVN_run2",0.00134243629656949,-0.0352721991291379,-0.0967430389592331,-0.132959566091211,0.0918901892577902,-0.0434623128012182,-0.0594672589039827,-0.0740918676196243,0.0328308619015111,0.0952286373874836,0.191802316644696,0.161971299577219,-0.00560924257370055,-0.0367502692987159,-0.0484284854925832,-0.00763717372999296,0.113969786133514,0.140295720586323,0.0330783575375261,-0.0886538964968168,-0.127605895349142,0.196028206312209
"PFT2_TNA_run1",-0.101874274072885,0.0637686983208798,0.0682266823226726,0.0781193838065662,0.135357690326529,0.285959754683686,0.100312339317637,0.137753481756526,-0.167485819268779,-0.115202736289161,-0.0804543888655652,-0.0311006246777198,0.0109604671635067,0.0365373615427591,-0.0921964585857701,-0.0747617536244628,-0.122798055106168,-0.0811662957114477,0.0174941315772677,-0.0321277916337988,-0.211800008753496,0.194320925217558
"PFT2_VMH_run1",0.0651723283000735,0.0150000068332405,-0.0598625311616839,-0.0468398201873343,0.123919617803207,-0.0511558667018055,-0.0578259345195017,-0.0127338222353049,0.0242501577325417,0.140370295880119,0.0842875369777049,0.00159080349675936,0.039947369914733,-0.0500484071183419,-0.0399471783642414,-0.0224633218297072,0.0643283491481979,-0.0136536785786117,-0.0556952674950017,-0.207216861893016,-0.140754281375906,0.22738179091624
"PFT3_AH_run2",-0.0119185858858302,-0.0110299971266425,-0.071021018642975,-0.0997628618917736,0.0593881107620403,-0.0468075740715348,-0.0208371910024587,-0.0580455645904932,0.0198657959376316,0.0394171945949253,-0.0759531931373338,0.140380372836191,-0.0127775871222021,-0.0383287781824107,-0.0615833220437878,0.0436484483583945,0.0362649821014681,0.117813602775519,0.0648597533560108,0.195965275766445,-0.0742527206926022,-0.0165229044117253
"PFT3_BSTm_run2",-0.067555398796757,-0.0770550913919325,-0.045032153354202,0.031590652938793,0.0783257683319845,-0.0345404134212814,0.0360161803230982,0.0107934248110287,0.0710883393155088,0.00951758269048649,0.0791003151805897,-0.0714332085609689,0.0878133322564971,0.0915648297209535,-0.0228628669627698,-0.0615003445269703,-0.0333307828039861,-0.116337052149186,-0.124720678272906,0.0137582625382478,-0.0705601926706895,-0.0230993050235146
"PFT3_GCT_run2",0.0417625561722497,0.0129919297333162,0.149350255784938,-0.0248782917926118,-0.00827717741134529,-0.0215209661044085,-0.0712114447696598,-0.124138025756775,-0.0511025619371957,-0.108978240347828,-0.0797656225481767,0.091573130229689,-0.217071499790732,-0.056043936621496,0.0841102249011639,0.208181002327178,0.0819787245645552,0.224957414132785,0.285706592073576,0.109241758812191,-0.0174685344561008,-0.0423740005589427
"PFT3_ICO_run2",0.0993029425295385,0.0341421537741901,0.0893211490203858,-0.00114105599349792,0.0215864998685571,-0.0332648550626823,-0.0807818038159907,-0.0580751018744996,-0.00111122053859035,-0.0437496510506582,0.0121254426811208,-0.0935665239915068,-0.110234668709967,-0.0546819602498589,0.244969097517415,0.111539766456317,0.0619681261096303,0.00636184278882721,0.0487557325224282,-0.0469932460460826,-0.00728485120264879,-0.0339925917884893
"PFT3_LS_run2",-0.179971562246018,-0.185675938354075,-0.015209669059441,0.153501616237098,0.100403776253629,-0.0444825240438133,0.125022250751357,-0.000941990923232941,0.141383138614377,-0.0672802407583244,0.0515748846215104,-0.0415376446110213,0.128690042890753,0.239242393540743,0.00378331933340821,-0.103820092467388,-0.0961595741632971,-0.131299684850802,-0.0851716134609121,-0.00295975329883749,-0.0694486958670495,-0.00454370389146309
"PFT3_POM_run1",-0.00956585053135021,-0.0430935784648895,-0.0729649040300833,0.0634405390757977,0.0572354444385368,-0.0386078415161291,-0.0809468016560923,-0.0610109469771359,0.050327762258479,0.114535235491186,0.0857012424915413,0.020090987438097,0.0144804368398624,-0.0158186690798323,-0.0548792345584,-0.000687976177691086,0.090064091735551,0.0307669813627752,-0.0591532732100735,-0.0658491911208434,0.00794546564912375,-0.00604674898102184
"PFT3_PVN_run2",-0.0138498865519106,-0.0364478838653997,-0.12150717861385,-0.0985060229854817,0.0815599290439764,-0.0654420602316028,-0.0482342648667913,-0.0725903596204794,0.0492931161259218,0.109718222211955,0.136436755499969,0.161689078501268,0.0344040428208919,-0.0394542457216693,-0.0717170607651183,-0.0379423668096402,0.072097970602797,0.109208191432436,-0.00150283221811874,0.170882823099505,-0.0180817636320189,-0.0152433407108529
"PFT3_TNA_run1",-0.08025723341656,0.0806744891119436,0.0464962907700062,0.0695817846846996,0.0777854327326338,0.227651372073496,0.0995917445283691,0.133976863100468,-0.150900316131508,-0.111121318545389,-0.0831437504362346,-0.020022993360769,0.014484602610642,0.0303464452849225,-0.070255637370312,-0.0693447565308706,-0.121949176258822,-0.0748965480684337,0.0230731578898529,-0.063535846053974,-0.078996875083114,-0.036943188375739
"PFT3_VMH_run2",-0.0122691385647348,-0.0269794936002337,-0.126513809715238,-0.17126036545774,0.0627957949657307,-0.056564560320779,-0.0390459952258498,-0.0571336385538588,0.0386743826750827,0.0975894412250011,0.109040004538386,0.153818962154358,0.026781246472222,-0.030690293757986,-0.0607555301731908,-0.0136747423189556,0.06882126316458,0.116470016489017,0.016661306685699,-0.100476062643291,-0.0256996890311339,-0.0579520126378031
"PFT4_AH_run2",0.0325948280051208,0.00668719793911135,-0.00294160890507103,-0.0924636972501007,-0.0103335797508109,-0.0279739382981287,-0.0507686980001332,-0.0686009156216044,0.0127102865067236,0.00971922183623516,-0.0831423909509173,0.0458015080220046,-0.0680650538041135,-0.0392217904464047,-0.0417009942473726,0.106695296972129,0.0619267888315226,0.112410485526468,0.0854936026571937,-0.0115096495395718,-0.0552045240067752,-0.0270702888449416
"PFT4_AI_run1",0.0524017560107797,0.17533975135254,0.0732129308062437,0.0221743997576326,0.10554120141016,0.0120641943639963,0.13009630153104,0.207964268852843,-0.149841937956095,-0.0894480122126896,-0.122110623441762,-0.086447783973026,0.0857704032039335,-0.071311869748156,-0.046814258205832,-0.106284294596451,-0.167909783470144,-0.17804076210793,-0.0505891381785145,-0.0844543110218239,-0.0916763570132209,-0.0438667805050456
"PFT4_BSTm_run2",0.0373869051903673,0.0075570679155841,-0.0437741533473051,-0.0595017657948372,0.0586860979498332,-0.0501844817501851,0.012115299486947,0.0210592261987583,0.0446100370045621,0.05003478265729,-0.0563590293442594,-0.0392679712947589,0.079112067466841,-0.0134693967591601,-0.0325405024301888,-0.0325679980983063,-0.0234470422797928,-0.0673823965006795,-0.0834089335209398,-0.020997464091971,-0.0596314065623121,-0.0342375162485372
"PFT4_GCT_run1",0.0896185711538983,0.0280293814732559,0.141201890225428,9.20333515437567e-05,-0.0146134856769864,-0.0156308899298667,-0.0931668304127332,-0.0897465762682479,-0.0309107230734167,-0.0703630633207234,-0.0339781989878506,-0.0637715947406306,-0.17517770156373,-0.0639821947645724,0.108312709966762,0.177308613941358,0.0808426181292984,0.0792440886623998,0.149459103964819,-0.015595364677956,0.00407517072567249,-0.0577475104184386
"PFT4_ICO_run1",0.154829545166708,0.0648939378193711,0.16953274924287,0.0110776189868576,0.014894286503901,-0.0176016071321344,-0.0848609800216443,-0.0455090009789321,-0.0224504798125417,-0.0575875773162789,-0.115429327505015,-0.125212958461667,-0.149823639707633,-0.0749066373640682,0.231243686223689,0.147877655070386,0.0486125356235053,-0.00401940856958741,0.0758907372037226,0.0908595508530456,-0.00383406706123263,-0.0739154508352676
"PFT4_LS_run2",-0.23067084788483,-0.219068897932991,-0.0990835645129405,-0.0509885912460506,0.0580657980423955,-0.049284051678873,0.165298499030192,-0.0435728260055421,0.15319034130563,-0.0692347836865154,0.0929005756686235,0.172226062644226,0.120337653574486,0.256259028858737,-0.03158340339597,-0.107592790207494,-0.0843086187167387,0.0257325752155543,0.0303097051708805,0.0331805760991078,-0.101584992479685,-0.0442116963177429
"PFT4_POM_run1",0.0291807148335923,-0.0296178883489729,-0.0735670474366304,-0.0667218864788376,0.0396180041157756,-0.0420876861317081,-0.0813604555283638,-0.0336762246007422,0.0607857066034594,0.12694353971194,0.081503772688107,-0.0437640843328408,0.0409281920463489,-0.0312748676031379,-0.0591219652763975,-0.00571569253389983,0.0790471494528332,-0.0329590955809423,-0.116243947498593,0.0552313944378136,-0.0188066560956036,-0.0401793495479658
"PFT4_PVN_run2",0.0104499473448109,-0.0288472147640042,-0.110956169915953,-0.12837703841384,0.0094755033962949,-0.0536701245194169,-0.0574530238904424,-0.0755059092553046,0.0433388149650418,0.102878739138271,0.166912075296823,0.161701756527364,0.00526154783499843,-0.0415687187757681,-0.0544113336931976,-0.0197097124936994,0.0965469041617774,0.14170997540146,0.0216573205908374,0.00154303063632246,-0.00588017460672924,-0.0228202012211896
"PFT4_TNA_run1",-0.0471852637515768,0.0903118581318768,0.0553956533945609,0.0857777548814808,0.0797523793571796,0.227216756733051,0.0854738967745275,0.161773046185903,-0.154010237156879,-0.0895601724077146,-0.0759307730194114,-0.0933523591094055,0.0450765699280108,0.00589688516942567,-0.066958072904982,-0.0829632893935144,-0.126870103631725,-0.144633045909279,-0.0616308100026234,0.00692687263377826,-0.0580465414051866,-0.0982140163580535
"PFT4_VMH_run1",0.0797570195506186,0.00814198898113108,-0.0381258375480866,-0.0491322564488562,0.0515122883487703,-0.046513587012157,-0.072646832824865,0.000421372919827334,0.0350924208507606,0.132719823704517,0.0770942560734622,-0.0832240051433038,0.044828036251902,-0.0561071703048883,-0.0441854166314569,-0.0221047881475872,0.0528862585963092,-0.0730732003049494,-0.125818875032141,0.0443279869438097,-0.00757829727833469,-0.0635798209005631
"PFT5_AH_run2",-0.0316813390768897,-0.0235926490028376,-0.0051231289150472,-0.0839791758304345,-0.0135383492880454,-0.0262516359664308,-0.0389255728276012,-0.108036087617826,-0.0032952534342244,-0.0293071730056921,-0.0837889126956851,0.139706285317656,-0.11219737586297,-0.0259847331341919,-0.0608257473734722,0.139330508229488,0.0633975533527588,0.214720396283642,0.175937454981718,0.219164644830237,-0.0700014111660682,0.0142489167588987
"PFT5_AI_run1",0.0479732126123161,0.188446859255867,0.08674541030695,-0.0107794639792429,0.0928960279442094,0.0310023380481766,0.138048749604566,0.210303169756324,-0.157640947589496,-0.109758974030326,-0.13208979937282,-0.0651354427488133,0.0443501543755159,-0.0680563372435277,-0.0308824114030599,-0.0917870499799507,-0.170276765652458,-0.129147917663258,0.00370331276333028,-0.0610297902355086,-0.102121062189926,-0.0140738296210997
"PFT5_BSTm_run2",-0.0821442866919294,-0.058418497683723,-0.122328534558997,-0.159222363574291,0.0252309632298043,-0.0423161747313475,0.0625510334944437,-0.00287977670537336,0.0531132449946255,0.0106355317861692,0.00620572234337773,0.127164131033687,0.0774553944092389,0.0448853126738461,-0.0404064782611017,-0.066383708020745,-0.0440020327581325,0.0485965977766618,-0.0146443205992763,-0.022970313802334,-0.101247184343608,-0.0131339454419451
"PFT5_GCT_run1",0.0886653786395865,0.0209831011481761,0.183915307888343,0.0451104043510155,-0.0359662573405651,-0.00386454020051975,-0.108179630663845,-0.0877372834383105,-0.0429494204057438,-0.0809030611959048,-0.0192916979441156,-0.112366147472816,-0.195316380754935,-0.0610141630337362,0.112793389898069,0.203301292383294,0.0829313052193396,0.062390076505077,0.134333718149323,0.0456873369823481,0.00498352884228226,-0.0318886955079409
"PFT5_ICO_run2",0.0693157080349223,0.0207052672162038,0.038289955621096,-0.12259249220863,0.00208018049726974,-0.0349728895986435,-0.0531599270030211,-0.0802501520810097,0.0025737494235646,-0.0470598590960715,-0.0390428834926194,0.0623440574634557,-0.120496379184292,-0.0536264831987581,0.240759181248086,0.111376359200661,0.0558593509991629,0.136797587635078,0.155417942297217,-0.0750564064251517,-0.0345931491450524,-0.0219876568024196
"PFT5_LS_run2",-0.219724885375162,-0.232803293835966,-0.0536568082860956,-0.00581475350551655,0.0532564364794158,-0.0496021471812785,0.168205783672974,-0.0306100974414335,0.176959406147819,-0.081750220145249,-0.0412148040435217,0.0909644361228088,0.134843155693314,0.284584629458261,0.00106416109803918,-0.107293765582517,-0.112482932000458,-0.0178052856707704,0.00836566199255108,0.0130081434207453,-0.0861611709797099,-0.00111336527957742
"PFT5_POM_run1",0.0176376002883046,-0.0290128918816426,-0.0784851264071482,0.0145620185539613,0.0299822344930973,-0.0404543726623873,-0.0782198884971815,-0.0337617134640841,0.0657977481552235,0.143144037823831,0.0656943183910541,-0.0317677279083037,0.047440889463554,-0.0203911693757484,-0.05018624715765,-0.018411815191659,0.0850161156097388,-0.0146670818646271,-0.106645977637396,-0.185054377283196,-0.00559590105948679,0.0192752731005845
"PFT5_PVN_run2",-0.0123215009531197,-0.0398624002436763,-0.139718972108738,-0.167111248275709,0.0140302858034313,-0.0546538999162556,-0.0571665665213892,-0.0722847585888027,0.0553776295217168,0.116173493484853,0.14904627663708,0.146692074849524,0.0207962006285367,-0.0321297683678955,-0.0573604770580653,-0.0278959321479598,0.0954423205866456,0.139740092127095,0.00104326280440136,-0.0675404261526685,-0.0275355658761876,-0.0107101600863693
"PFT5_TNA_run1",-0.0753890595803272,0.0790752702827437,0.0772680239032393,0.0766308812163315,0.0600510128103433,0.281823951230623,0.0988097208332158,0.159799821790301,-0.170304397466287,-0.116483860024534,-0.0952926556355844,-0.0673083554408366,0.00688063680889305,0.0325585296791744,-0.0665404810928944,-0.0686781934145059,-0.126107885964289,-0.0911924528749942,-0.000990736611270524,0.0201114150616755,-0.0720237062744519,-0.0276881998316349
"PFT5_VMH_run1",0.0741236423035601,0.0237319182915173,-0.0607600627119612,-0.0705917917999168,0.0691718445617001,-0.0462976017833807,-0.0352190913187448,0.0200119924525647,0.0184963783311264,0.133870513256799,0.0347393618164458,-0.0124966427736302,0.0667877446564316,-0.0518978533493678,-0.0395932876857771,-0.0455109092402309,0.0234018517521291,-0.026168140507221,-0.079540865343948,-0.0585986745626086,-0.0214406153056847,-0.0206451465549363
"PFT6_AI_run1",0.029215458468934,0.187578527008341,0.0659161370869439,0.0132981193662161,0.0294771380677538,0.0339522078923045,0.145233674614195,0.205022900955134,-0.16191428082044,-0.101883293970418,-0.118629433311418,-0.0283507821572437,0.0544630757134038,-0.0495946804297554,-0.049839251432734,-0.0988927265501536,-0.16743548970546,-0.105415868141639,0.0234754614526922,-0.144743692453738,-0.00487145935076501,-0.118977815827139
"PFT6_BSTm_run2",-0.0269199303083695,-0.0190948403491956,-0.101494113779453,-0.110107086605828,-0.0138121464395685,-0.0521407291349661,0.0528334113030363,0.0148684234614526,0.0492866386997807,0.0367683081162173,-0.028943818430719,0.0901765869003807,0.0939258320666274,0.0115955151456833,-0.0330165583516924,-0.0612369670424761,-0.0386088524121412,0.0186972788495111,-0.0251382784759611,0.0115949795361978,0.0167998942666229,-0.106394838689851
"PFT6_GCT_run1",0.0785423635859081,0.0203631738716085,0.146410630906864,0.0144544933687716,-0.0661065499024392,-0.0119941739291921,-0.0932862847116739,-0.0907133989437885,-0.0368916638514111,-0.0756704867330735,-0.0205695790015096,-0.0733556555510165,-0.17608188424228,-0.0559172167305614,0.095429907113171,0.182393736747846,0.078260049805953,0.0851133673547803,0.147796650914791,0.0518575481435639,0.106471792149312,-0.112728229743647
"PFT6_ICO_run1",0.118058134118968,0.050545033336251,0.113790201180937,-0.0561778229409621,-0.0524371314222207,-0.0223352145548776,-0.0637267260668011,-0.0517839382360913,-0.0113087677576844,-0.0543159705723063,-0.100805966789579,-0.061535298749024,-0.133599300787364,-0.0580750383658263,0.269624533591928,0.127295520120931,0.0457218871829258,0.0499771067519934,0.116999263490655,0.0263497882833373,0.0931079392959313,-0.13659906753914
"PFT6_LS_run2",-0.22496667857059,-0.22287619298258,-0.107314383324829,-0.0337349156600759,0.00581610397503398,-0.0544847868242949,0.151212860401986,-0.0364503484729071,0.163201082241505,-0.0574954879670287,0.0496777924890215,0.142440646121013,0.137289257983861,0.256238066376963,-0.0208182204191506,-0.11915999012705,-0.0896598352269883,0.0118546765762724,-0.000380361692059936,0.0124840435321316,-0.00219150975903827,-0.120566433468531
"PFT6_POM_run1",0.0174436675048772,-0.0331266895053769,-0.0964194489443309,-0.0530088485938568,-0.00798269034525869,-0.040284582024263,-0.069746119423618,-0.0237373224783836,0.0720678211951282,0.147326534475905,0.0857692330867224,-0.0340760057252933,0.077715916327678,-0.0156568329584212,-0.0648099581195148,-0.0346602296585779,0.0787588232391125,-0.035962216869334,-0.137034428420882,0.0432808977440002,0.0835336424677126,-0.117112292836971
"PFT6_PVN_run2",0.0750629873019222,-0.00422562804853674,-0.0192899556393817,0.0694078710145716,-0.0220855334881536,-0.0437552425535962,-0.100235012606113,-0.0366732220833493,0.0303732279765899,0.1179160866534,0.137315837769729,-0.070375575146564,0.00982825347354164,-0.0501357810108929,-0.0195347702760898,-0.00591654069498809,0.0928702520663691,-0.0280055737377144,-0.109306004091265,0.026965972688406,0.143642998402225,-0.0773022660830448
"PFT6_TNA_run1",-0.0971409723594705,0.074566163288368,0.0599154383845332,0.0800616827740937,0.0087862965938492,0.302342292915587,0.110303309807556,0.145888307279873,-0.173021254802289,-0.120749064080832,-0.0931871844849332,-0.0100476620522487,0.00203338295163246,0.0461944556754309,-0.0740295051480458,-0.0749212551579559,-0.135268298848996,-0.0559309882251345,0.0423528634500529,-0.0339281677019206,0.0369481709607369,-0.127932715690928
"PFT6_VMH_run1",0.0840076507648682,0.0213165713300041,-0.0408756332242505,-0.0397852866070143,-0.0113386173087383,-0.0478910978170374,-0.0550117292306027,0.0153655937224539,0.023314617904747,0.135594062865881,0.047667416890973,-0.0734922912723243,0.0581229455138737,-0.0551369261905907,-0.0368169318120012,-0.0322743749224909,0.0337172086640998,-0.0752808433140019,-0.123888709639051,0.0333460418405148,0.102988231606711,-0.11902105224489
"PFT7_AH_run2",0.0354458655342462,0.0055850373622661,0.0593136753026703,0.157924715322421,-0.193325129930847,-0.00195797938707061,-0.0721514623426973,-0.0353111314488994,-0.00591798065173824,0.0114767714881121,-0.0442166119782259,-0.0745914915468149,-0.0657113575102425,-0.0387344137279258,-0.0318009485350557,0.118902893233786,0.0557284824922683,0.0300846449119228,-0.010890867582442,0.0183320265726325,0.138239992317205,0.0034152989182396
"PFT7_AI_run1",0.0470947265311781,0.151516475610903,0.195804231096339,0.303231287858497,-0.0995459154848556,0.0588420066123395,0.0858777001633263,0.170384766283557,-0.197637146059634,-0.140443109171118,-0.134231990782304,-0.107856790130724,-0.0497494382608528,-0.0630802029882435,-0.0290738511736993,-0.0520852171704509,-0.15156575695599,-0.125843799796833,0.0037126410241825,0.0697456579196305,0.168759925007499,0.00922242357802002
"PFT7_BSTm_run2",-0.109376319088451,-0.0760215237124295,-0.10324050077158,0.0197579246310798,-0.181448436459674,-0.0366922153743162,0.0641458661640235,-0.0200360367649957,0.0704478451547772,-0.00939736797490962,0.0344394882360911,0.0746030871620927,0.0661633895973739,0.0945201732269039,-0.0313622858423463,-0.0759788728192969,-0.0468618073689566,0.0168125043805226,-0.021178269535172,-0.0546711526629469,0.064846443338764,-0.0097260084650348
"PFT7_GCT_run2",0.00261426107655743,-0.00992213515886674,0.0385298225070304,-0.101228485469176,-0.232043484627396,-0.0162637234559793,-0.0616754094579587,-0.125471968229305,-0.0181456996852395,-0.0853576782822572,0.0491956367836793,0.116658261934634,-0.167702896901461,-0.0407323704140121,0.0779707009156815,0.151333631469788,0.0790226646117317,0.224563242978151,0.233129269057621,-0.03917129081324,0.139237034974729,-0.0877437631827291
"PFT7_ICO_run1",0.0445041325132968,0.0109132403439926,0.0373548803685791,-0.0378245939672393,-0.229036548198445,0.000210279784746464,-0.0680763964657549,-0.0707366432309647,-0.0023897305784984,-0.0481141432224748,0.0909264082371903,-0.0314505097919097,-0.107036465806085,-0.0424430901459233,0.224027961129093,0.0942528449644859,0.0556938477166188,0.0719797241849677,0.0811191287360753,-0.109481653515653,0.151223262566048,-0.0770519222888538
"PFT7_LS_run2",-0.187047005294086,-0.107020008106164,-0.0903102197695631,-0.0666183079910075,-0.169203349582561,-0.027519651048061,0.160130721342579,-0.00105205785754113,0.0882431866655054,-0.097612936581807,0.0552306959248927,0.169387632490119,0.0881041357187915,0.170688462942151,-0.000984975603615156,-0.108881434377716,-0.110078093921758,0.0270287679165758,0.0699383922337346,-0.0341684820400839,0.045835546720845,-0.0477547917840905
"PFT7_POM_run1",0.0096873734758636,-0.0325641627737484,-0.0871751484753911,0.00110789819338543,-0.140367115631196,-0.0281471550370479,-0.0700070810339651,-0.0307033073097877,0.0712039775826537,0.135812316634583,0.0886394514627408,-0.0187490024092661,0.0545796719373972,-0.00982345392496809,-0.0590837289964184,-0.0239667109277306,0.0880266873536799,-0.0123852812776846,-0.107056435465593,-0.0752850988973592,0.146665811312763,-0.0280114805586493
"PFT7_PVN_run2",0.0573410184480312,-0.00733307603701286,-0.0213733849208764,0.0822108093718048,-0.201163961103967,-0.0326558632232054,-0.0972260544813224,-0.0418249632451407,0.031190732782385,0.0929985595389034,0.170010758498306,-0.0713765461435939,-0.00823032395935224,-0.0489827476419214,-0.014139041848776,0.00832794452326339,0.0886229840317338,-0.0126888145435222,-0.100483229383463,-0.0126174017083781,0.184813242668254,-0.0415273611415777
"PFT7_TNA_run1",-0.0869784333813513,0.079032222841479,0.0684862175826034,0.119121010643172,-0.153375708498136,0.267802741741414,0.0976435986408314,0.146378540915528,-0.164202043894235,-0.124450144675196,-0.0926674059119829,-0.0527300254869953,-0.00675648073205558,0.0246943588921696,-0.0489704791808048,-0.0585470847063966,-0.123843587095859,-0.0820594800476852,0.00309230805192089,0.00618073401826655,0.115942302974056,-0.0667788290816033
"PFT7_VMH_run1",0.0599864978535082,0.012085364371456,-0.049322045254157,-0.000983001848546161,-0.191452255646136,-0.0347403782476199,-0.0713295511804496,-0.0176472468112409,0.0363687402453383,0.125933741177779,0.0842974865554246,-0.0404416280465479,0.0246756041150648,-0.0428029407172133,-0.0234072264317533,-0.00865297874457382,0.0728903878580746,-0.0177096839619874,-0.0791991923610466,-0.119382030019611,0.170792495530468,-0.0500424856329638
"PFT8_AH_run2",0.0277553061059463,0.00220177211236631,-0.0523307488384899,-0.159980336851198,0.0381652808366118,-0.0437168268253223,-0.0314389074493501,-0.0619673420443153,0.0329508113160732,0.0515320225785317,-0.0893135308686157,0.113091878618145,-0.025332460819268,-0.0445933897084764,-0.0398976379725662,0.037022740351975,0.0528037242675593,0.111386066629997,0.0570427882897493,0.234731524278581,-0.0546546148335118,0.0392851549267722
"PFT8_AI_run1",0.0536022365562562,0.182964284072499,0.0826421328671731,0.0351598263904567,0.108597633271561,0.0166117407050378,0.141694179622677,0.210500960909001,-0.152672676378494,-0.0950535162310829,-0.128217248488818,-0.0730573390709954,0.0688324089876102,-0.0712276211407163,-0.0486969527796281,-0.100945365759116,-0.168317402854417,-0.150542334662401,-0.0207252261422151,-0.101044100491074,-0.107842848527823,0.0550479066521251
"PFT8_BSTm_run2",0.0322720387368758,0.0114187440883482,-0.0490314595340786,-0.10299594630952,0.0650096084063205,-0.0454701489961881,0.0210695083033299,0.0286310434410506,0.0430527835264602,0.0368799859577412,-0.0916020949010819,-0.019477036006656,0.0744479185406094,-0.00585984071553109,-0.0221327321589647,-0.0316997574185368,-0.0271095612724402,-0.0522956914161037,-0.0647253015942874,-0.0941239186136204,-0.0797439788083119,0.0475100691943648
"PFT8_GCT_run1",0.109811972571011,0.0255599884293406,0.245848555418358,0.186766304488056,-0.00831767298244796,0.00125294576612931,-0.1190958427217,-0.10111983327779,-0.0635810675739679,-0.0960478462871489,-0.0454281401593066,-0.108071384759918,-0.238987214490796,-0.0701972131398249,0.0920555863286867,0.212762980430282,0.0966752325527701,0.084041551226063,0.181668882123349,0.0554690863459612,0.0383035940333102,0.0581471930839165
"PFT8_ICO_run2",0.113953390564081,0.0464847287403339,0.0865306328046726,-0.0524636960742461,0.00339284729839075,-0.033681049013674,-0.0601145359883725,-0.0596116828013897,0.00382360201051957,-0.0432681845879901,-0.111032060693253,-0.0376999758582963,-0.117796917658064,-0.0576173368665108,0.241529685146758,0.118968242256654,0.0548915618290897,0.0608434440228773,0.114726562289494,-0.10191061975498,-0.0101850818677893,0.0370927250527543
"PFT8_LS_run2",-0.248677925230255,-0.244187912247494,-0.0886685227338581,-0.0313839092082084,0.0788939696030028,-0.0468200447839929,0.183476447116925,-0.0436603739820287,0.169970300519103,-0.0775163899152709,0.0220714376498024,0.186871279443061,0.132974932772701,0.294230905648565,-0.0123955705349427,-0.104134042828382,-0.0928178991637593,0.0396592511040875,0.0434305189791631,-0.0295941455682507,-0.111313573687815,0.040862980915571
"PFT8_POM_run1",0.0134827756427956,-0.038076649417634,-0.0768226519633209,-0.0104785358649792,0.0571906698304581,-0.0345532225286659,-0.0655095401333678,-0.0174821447054787,0.0671836800311536,0.129471710935561,0.0696284508057452,-0.0545147248260805,0.0581652540872119,-0.0170907852814929,-0.0599901899298769,-0.0201258662088554,0.0793774219452575,-0.0516199283704628,-0.137876284892116,-0.0102553445794972,-0.00869854898348336,0.040559186322696
"PFT8_PVN_run2",0.00475728349587793,-0.0363905583189733,-0.121454899619832,-0.131521879836626,0.037994340200532,-0.0566652654747901,-0.05710078096386,-0.0606075889248169,0.050812016638549,0.127412612593263,0.152337429160985,0.112477659124609,0.0363981903912303,-0.033408919613021,-0.0658758040098922,-0.0344878575273484,0.0943823572311201,0.0980526857886237,-0.0215012059477535,-0.0961949802222508,7.38373355955967e-05,0.0480647154525534
"PFT8_TNA_run2",-0.0401185337990383,0.0826590498519389,0.096159053098572,0.155987681232587,0.0956537472800685,0.235305064053143,0.0807885919952425,0.15878097464167,-0.166779886410098,-0.110754353830255,-0.10656333089074,-0.117294897304161,0.00940963093062484,0.0119067836739051,-0.0748576360870978,-0.0634803885814366,-0.126521674503525,-0.136583584273474,-0.0384846215380034,-0.0270548613973643,-0.0671813906758201,0.0373859262884381
"PFT8_VMH_run1",0.0692493092551602,0.00985388541237142,-0.0504016454519578,-0.0720501256070692,0.0632462506713207,-0.0467962085759234,-0.0528181742763206,0.00463438438055974,0.0225536052766587,0.124420418108265,0.064851896182211,-0.0501183945922095,0.0494128876895393,-0.050964038363895,-0.0556902455701852,-0.0144695648301824,0.04454900737742,-0.0439508706163828,-0.101362261383937,-0.0102421985452477,-0.0144243502144953,0.0322714028395024
"PFT9_AH_run2",-0.00736430487481919,-0.00176144120238788,-0.0576255095748559,-0.0927776662136692,-0.0382033684147436,-0.0384584029244017,-0.0341831289246701,-0.0755841391301582,0.0158153830027252,0.025136109405075,-0.0738802416268806,0.135115169356763,-0.047739833149447,-0.0430786884113632,-0.0538585925418294,0.0720862510225573,0.0493757787449798,0.156541337761986,0.0858462522592902,0.23523217498183,-0.0206352784530257,0.02651862981735
"PFT9_AI_run1",0.00746798915710394,0.148385195291155,0.041793234085551,0.0601850307762132,0.0698450781415851,0.00142528777425447,0.157313459148789,0.201249803026296,-0.15705937474919,-0.103343637770034,-0.114051596531785,-0.0131527129404147,0.0802430385183846,-0.070538960302726,-0.0655343612977871,-0.122722725533748,-0.188000294895434,-0.12525709062246,-0.0315165874248084,0.083440881721025,-0.0574752993850339,0.0308946323005024
"PFT9_BSTm_run2",-0.0572248448817247,-0.0398131790760756,-0.102957551993181,-0.11360673605936,-0.0344069726339829,-0.0411719246057286,0.0646423683409666,-0.00603800357174627,0.0548002673965715,0.00420925432718364,-0.0256408401176871,0.12924873243766,0.0634942185521597,0.0589824404632718,-0.0352926132264906,-0.0552358549480242,-0.0412441975318901,0.0535633093926397,0.0082451289853614,-0.0334669531520254,-0.069367485660321,0.00984018580026166
"PFT9_GCT_run2",-0.0383380865922178,-0.0419085209611453,0.0236640327744257,0.0737447551774078,-0.115566473659908,-0.0197440573562071,-0.0934400499728087,-0.158105314428708,-0.0493877477206409,-0.0753620849709004,0.166884943075403,0.142986057493806,-0.194992045884841,-0.0487014225062035,0.0556603017240744,0.142957416705838,0.103377561953802,0.24732825300563,0.223208498580657,-0.146616379623828,0.0337751853102306,0.0412626190140729
"PFT9_LS_run2",-0.175221087003552,-0.149562871288837,-0.0630767765660667,0.161939563465209,0.0112003451039998,-0.0401241847953093,0.112176833668191,-0.0113823223343372,0.0903314032309045,-0.0597074201268706,0.0668056937371497,0.0615176977061755,0.0871728682232038,0.170911472905379,-0.00989110240298106,-0.100654873695,-0.0782421211350936,-0.0395138928149246,-0.0299942028624577,0.0027856788514701,-0.0567037495290696,0.0418398741306552
"PFT9_POM_run1",-0.00217384609841441,-0.0434264063034429,-0.082421535270104,0.0638913617340326,-0.0168663791133634,-0.0234333464905696,-0.0932208372524119,-0.0487855206473005,0.0658528104651762,0.127826349353919,0.135181454280349,-0.0271680553488193,0.0237508605277651,-0.0190328077992493,-0.0619233567874439,0.0156875330760242,0.107276185044809,0.000963084404191085,-0.102372035433283,-0.0808877261901216,0.0482592042921947,0.00504281900846776
"PFT9_PVN_run2",0.0235198902140822,-0.0199824915057389,-0.106771754747038,-0.106844284065568,-0.0290255021901559,-0.0482637712738981,-0.0651433476279628,-0.057914934091916,0.0446624549626034,0.107230091661149,0.159910010638168,0.120142108932455,0.0151443071982175,-0.0444097013276279,-0.0646934851068668,-0.0206877152334135,0.0889910436314098,0.10610574713447,-0.0157974754224953,-0.0115009299390596,0.0446675323216539,-0.010297366303387
"PFT9_TNA_run2",-0.0750500413078243,0.0932455544326646,0.0643261945748751,0.144876280514748,0.0165905466382314,0.271572503802656,0.103822086527119,0.16751907482266,-0.170808728430581,-0.109709955410828,-0.0915365904089615,-0.0756512543867532,0.0255456777175071,0.026741653622943,-0.083546516041114,-0.0786947539504596,-0.140624173799652,-0.118280052411057,-0.025893331571208,-0.0250313739615355,-0.00531908672145533,0.0050006117002637
"PFT9_VMH_run1",0.0642256289197048,0.0156663839671149,-0.0744106199752966,-0.0829811483340338,-0.0265987090177996,-0.0446921632324139,-0.0662943139626692,-0.0254744325117933,0.0368281845379924,0.115068604050404,0.065580897385477,0.00830976261337541,0.0207966876812399,-0.0479657290146007,-0.0261029453274946,-0.00791326719771978,0.0718812870288209,0.0148976860668341,-0.0515112741306767,-0.14400561968863,0.0561650662661882,-0.0175790712984419
